X,Y,EventCode,EventName,Timestamp,ProcessID
771,543,512,Move,59317,0
782,549,512,Move,59319,0
787,552,512,Move,59320,0
793,553,512,Move,59329,0
796,554,512,Move,59339,0
797,555,512,Move,59349,0
798,555,512,Move,59368,0
800,555,512,Move,59417,0
802,555,512,Move,59437,0
803,554,512,Move,59447,0
804,552,512,Move,59457,0
805,549,512,Move,59467,0
806,547,512,Move,59477,0
807,545,512,Move,59486,0
808,543,512,Move,59496,0
819,398,512,Move,60611,0
819,400,512,Move,60736,0
818,401,512,Move,60746,0
818,403,512,Move,60756,0
816,405,512,Move,60765,0
816,407,512,Move,60775,0
814,410,512,Move,60785,0
813,413,512,Move,60795,0
811,416,512,Move,60805,0
810,418,512,Move,60815,0
808,421,512,Move,60825,0
807,424,512,Move,60834,0
806,427,512,Move,60844,0
805,430,512,Move,60854,0
804,432,512,Move,60864,0
804,434,512,Move,60874,0
804,435,512,Move,60884,0
804,436,512,Move,60893,0
804,437,512,Move,60903,0
805,438,512,Move,60913,0
805,440,512,Move,60923,0
809,441,512,Move,60933,0
811,442,512,Move,60943,0
816,444,512,Move,60952,0
820,445,512,Move,60962,0
824,446,512,Move,60972,0
829,447,512,Move,60982,0
836,449,512,Move,60992,0
842,450,512,Move,61002,0
849,451,512,Move,61011,0
860,452,512,Move,61021,0
868,454,512,Move,61031,3
868,454,512,Move,61031,3
879,456,512,Move,61041,3
879,456,512,Move,61041,3
886,457,512,Move,61051,3
886,457,512,Move,61051,3
894,458,512,Move,61061,3
894,458,512,Move,61061,3
900,458,512,Move,61070,3
900,458,512,Move,61071,3
907,458,512,Move,61080,3
907,458,512,Move,61080,3
911,458,512,Move,61090,3
911,458,512,Move,61090,3
917,459,512,Move,61100,3
917,459,512,Move,61100,3
920,460,512,Move,61110,3
920,460,512,Move,61110,3
923,460,512,Move,61120,3
923,460,512,Move,61120,3
925,460,512,Move,61129,3
925,460,512,Move,61130,3
928,461,512,Move,61139,3
928,461,512,Move,61139,3
929,461,512,Move,61149,3
929,461,512,Move,61149,3
930,461,512,Move,61159,3
930,461,512,Move,61159,3
931,461,512,Move,61169,3
931,461,512,Move,61169,3
932,461,512,Move,61198,3
932,461,512,Move,61198,3
933,462,512,Move,61208,3
933,462,512,Move,61208,3
934,462,512,Move,61218,3
934,462,512,Move,61218,3
935,462,512,Move,61228,3
935,462,512,Move,61228,3
937,463,512,Move,61238,3
937,463,512,Move,61238,3
938,464,512,Move,61247,3
938,464,512,Move,61248,3
939,464,512,Move,61257,3
939,464,512,Move,61257,3
942,465,512,Move,61267,3
942,465,512,Move,61267,3
943,465,512,Move,61277,3
943,465,512,Move,61277,3
945,467,512,Move,61287,3
945,467,512,Move,61287,3
947,468,512,Move,61297,3
947,468,512,Move,61297,3
951,470,512,Move,61306,3
951,470,512,Move,61307,3
953,471,512,Move,61316,3
953,471,512,Move,61316,3
955,471,512,Move,61326,3
955,471,512,Move,61326,3
956,472,512,Move,61336,3
956,472,512,Move,61336,3
956,473,512,Move,61346,3
956,473,512,Move,61346,3
957,473,512,Move,61356,3
957,473,512,Move,61356,3
958,473,512,Move,61582,3
958,473,512,Move,61582,3
958,472,512,Move,61592,3
958,472,512,Move,61592,3
958,471,512,Move,61602,3
958,471,512,Move,61602,3
959,470,512,Move,61621,3
959,470,512,Move,61621,3
959,469,512,Move,61631,3
959,469,512,Move,61631,3
960,469,512,Move,61641,3
960,469,512,Move,61641,3
960,468,512,Move,61651,3
960,468,512,Move,61651,3
961,468,512,Move,61661,3
961,468,512,Move,61661,3
961,467,512,Move,61671,3
961,467,512,Move,61671,3
961,467,513,Pressed,61749,3
961,467,513,Pressed,61749,3
961,467,514,Released,61867,3
961,467,514,Released,61867,3
961,466,512,Move,61966,3
961,466,512,Move,61966,3
961,465,512,Move,61985,3
961,465,512,Move,61986,3
961,464,512,Move,62005,3
961,464,512,Move,62005,3
961,463,512,Move,62025,3
961,463,512,Move,62025,3
961,462,512,Move,62035,3
961,462,512,Move,62035,3
961,461,512,Move,62064,3
961,461,512,Move,62064,3
961,460,512,Move,62103,3
961,460,512,Move,62104,3
961,460,513,Pressed,62162,3
961,460,513,Pressed,62163,3
961,460,514,Released,62271,3
961,460,514,Released,62271,3
961,460,512,Move,62271,3
961,460,512,Move,62271,3
962,460,512,Move,68215,3
962,460,512,Move,68215,3
966,460,512,Move,68224,3
966,460,512,Move,68225,3
970,461,512,Move,68234,3
970,461,512,Move,68234,3
975,464,512,Move,68244,3
975,464,512,Move,68244,3
979,467,512,Move,68254,3
979,467,512,Move,68254,3
981,473,512,Move,68264,3
981,473,512,Move,68264,3
982,478,512,Move,68274,3
982,478,512,Move,68274,3
983,481,512,Move,68283,3
983,481,512,Move,68284,3
984,486,512,Move,68293,3
984,486,512,Move,68293,3
985,489,512,Move,68303,3
985,489,512,Move,68303,3
987,493,512,Move,68313,3
987,493,512,Move,68313,3
989,497,512,Move,68323,3
989,497,512,Move,68323,3
990,500,512,Move,68333,3
990,500,512,Move,68333,3
991,502,512,Move,68342,3
991,502,512,Move,68343,3
993,505,512,Move,68352,3
993,505,512,Move,68352,3
993,507,512,Move,68362,3
993,507,512,Move,68362,3
995,509,512,Move,68372,3
995,509,512,Move,68372,3
995,511,512,Move,68382,3
995,511,512,Move,68382,3
996,513,512,Move,68392,3
996,513,512,Move,68392,3
997,515,512,Move,68411,3
997,515,512,Move,68411,3
998,517,512,Move,68421,3
998,517,512,Move,68421,3
998,518,512,Move,68431,3
998,518,512,Move,68431,3
999,520,512,Move,68441,3
999,520,512,Move,68441,3
999,521,512,Move,68451,3
999,521,512,Move,68451,3
1000,522,512,Move,68460,3
1000,522,512,Move,68461,3
1000,523,512,Move,68470,3
1000,523,512,Move,68470,3
1001,524,512,Move,68490,3
1001,524,512,Move,68490,3
1002,525,512,Move,68500,3
1002,525,512,Move,68500,3
1002,526,512,Move,68510,3
1002,526,512,Move,68510,3
1003,527,512,Move,68529,3
1003,527,512,Move,68529,3
1003,528,512,Move,68539,3
1003,528,512,Move,68539,3
1003,529,512,Move,68549,3
1003,529,512,Move,68549,3
1004,530,512,Move,68559,3
1004,530,512,Move,68559,3
1005,531,512,Move,68569,3
1005,531,512,Move,68569,3
1005,532,512,Move,68579,3
1005,532,512,Move,68579,3
1006,533,512,Move,68588,3
1006,533,512,Move,68588,3
1006,534,512,Move,68598,3
1006,534,512,Move,68598,3
1007,535,512,Move,68608,3
1007,535,512,Move,68608,3
1008,536,512,Move,68618,3
1008,536,512,Move,68618,3
1008,538,512,Move,68628,3
1008,538,512,Move,68628,3
1009,539,512,Move,68638,3
1009,539,512,Move,68638,3
1011,542,512,Move,68647,3
1011,542,512,Move,68648,3
1013,544,512,Move,68657,3
1013,544,512,Move,68657,3
1014,545,512,Move,68667,3
1014,545,512,Move,68667,3
1015,547,512,Move,68677,3
1015,547,512,Move,68677,3
1016,549,512,Move,68697,3
1016,549,512,Move,68697,3
1016,550,512,Move,68716,3
1016,550,512,Move,68716,3
1016,552,512,Move,68726,3
1016,552,512,Move,68726,3
1018,554,512,Move,68736,3
1018,554,512,Move,68736,3
1019,555,512,Move,68746,3
1019,555,512,Move,68746,3
1019,557,512,Move,68756,3
1019,557,512,Move,68756,3
1019,558,512,Move,68765,3
1019,558,512,Move,68766,3
1019,559,512,Move,68775,3
1019,559,512,Move,68775,3
1020,560,512,Move,68785,3
1020,560,512,Move,68785,3
1020,561,512,Move,68805,3
1020,561,512,Move,68805,3
1021,561,512,Move,68815,3
1021,561,512,Move,68815,3
1021,562,512,Move,68844,3
1021,562,512,Move,68844,3
1021,563,512,Move,68874,3
1021,563,512,Move,68874,3
1021,564,512,Move,68883,3
1021,564,512,Move,68884,3
1021,565,512,Move,68923,3
1021,565,512,Move,68923,3
1021,566,512,Move,68952,3
1021,566,512,Move,68952,3
1021,567,512,Move,68972,3
1021,567,512,Move,68972,3
1021,568,512,Move,68982,3
1021,568,512,Move,68982,3
1021,569,512,Move,69021,3
1021,569,512,Move,69021,3
1020,569,512,Move,69621,3
1020,569,512,Move,69621,3
1017,569,512,Move,69641,3
1017,569,512,Move,69641,3
1014,569,512,Move,69651,3
1014,569,512,Move,69651,3
1010,568,512,Move,69661,3
1010,568,512,Move,69661,3
1007,567,512,Move,69671,3
1007,567,512,Move,69671,3
1001,566,512,Move,69680,3
1001,566,512,Move,69681,3
999,566,512,Move,69690,3
999,566,512,Move,69690,3
996,566,512,Move,69700,3
996,566,512,Move,69700,3
991,565,512,Move,69710,3
991,565,512,Move,69710,3
989,565,512,Move,69720,3
989,565,512,Move,69720,3
987,564,512,Move,69730,3
987,564,512,Move,69730,3
984,564,512,Move,69739,3
984,564,512,Move,69740,3
983,563,512,Move,69749,3
983,563,512,Move,69749,3
981,563,512,Move,69759,3
981,563,512,Move,69759,3
979,562,512,Move,69769,3
979,562,512,Move,69769,3
979,561,512,Move,69779,3
979,561,512,Move,69779,3
977,560,512,Move,69789,3
977,560,512,Move,69789,3
975,559,512,Move,69798,3
975,559,512,Move,69799,3
974,559,512,Move,69808,3
974,559,512,Move,69808,3
973,558,512,Move,69818,3
973,558,512,Move,69818,3
970,557,512,Move,69828,3
970,557,512,Move,69828,3
968,556,512,Move,69848,3
968,556,512,Move,69848,3
967,555,512,Move,69857,3
967,555,512,Move,69858,3
966,555,512,Move,69867,3
966,555,512,Move,69867,3
965,555,512,Move,69877,3
965,555,512,Move,69877,3
964,555,512,Move,69887,3
964,555,512,Move,69887,3
962,554,512,Move,69897,3
962,554,512,Move,69897,3
960,554,512,Move,69907,3
960,554,512,Move,69907,3
957,553,512,Move,69916,3
957,553,512,Move,69917,3
955,553,512,Move,69926,3
955,553,512,Move,69926,3
953,552,512,Move,69936,3
953,552,512,Move,69936,3
951,552,512,Move,69946,3
951,552,512,Move,69946,3
948,552,512,Move,69956,3
948,552,512,Move,69956,3
945,551,512,Move,69966,3
945,551,512,Move,69966,3
940,550,512,Move,69975,3
940,550,512,Move,69976,3
938,550,512,Move,69985,3
938,550,512,Move,69985,3
933,549,512,Move,69995,3
933,549,512,Move,69995,3
930,548,512,Move,70005,3
930,548,512,Move,70005,3
925,547,512,Move,70015,3
925,547,512,Move,70015,3
922,547,512,Move,70025,3
922,547,512,Move,70025,3
919,547,512,Move,70035,3
919,547,512,Move,70035,3
917,546,512,Move,70044,3
917,546,512,Move,70045,3
914,546,512,Move,70054,3
914,546,512,Move,70054,3
911,545,512,Move,70064,3
911,545,512,Move,70064,3
909,545,512,Move,70074,3
909,545,512,Move,70074,3
907,544,512,Move,70084,3
907,544,512,Move,70084,3
905,544,512,Move,70094,3
905,544,512,Move,70094,3
903,544,512,Move,70103,3
903,544,512,Move,70104,3
903,543,512,Move,70192,3
903,543,512,Move,70192,3
903,542,512,Move,70261,3
903,542,512,Move,70261,3
905,542,512,Move,70271,3
905,542,512,Move,70271,3
906,542,512,Move,70280,3
906,542,512,Move,70281,3
908,542,512,Move,70290,3
908,542,512,Move,70290,3
909,542,512,Move,70300,3
909,542,512,Move,70300,3
911,541,512,Move,70310,3
911,541,512,Move,70310,3
912,541,512,Move,70320,3
912,541,512,Move,70320,3
913,541,512,Move,70330,3
913,541,512,Move,70330,3
913,541,513,Pressed,70566,3
913,541,513,Pressed,70566,3
913,541,514,Released,70674,3
913,541,514,Released,70674,3
914,541,512,Move,70743,3
914,541,512,Move,70743,3
915,541,512,Move,70792,3
915,541,512,Move,70792,3
916,541,512,Move,70802,3
916,541,512,Move,70802,3
918,542,512,Move,70812,3
918,542,512,Move,70812,3
920,543,512,Move,70822,3
920,543,512,Move,70822,3
924,544,512,Move,70831,3
924,544,512,Move,70832,3
927,545,512,Move,70841,3
927,545,512,Move,70841,3
933,546,512,Move,70851,3
933,546,512,Move,70851,3
938,547,512,Move,70861,3
938,547,512,Move,70861,3
946,548,512,Move,70871,3
946,548,512,Move,70871,3
952,549,512,Move,70881,3
952,549,512,Move,70881,3
960,550,512,Move,70890,3
960,550,512,Move,70891,3
965,551,512,Move,70900,3
965,551,512,Move,70900,3
972,552,512,Move,70910,3
972,552,512,Move,70910,3
975,553,512,Move,70920,3
975,553,512,Move,70920,3
978,554,512,Move,70930,3
978,554,512,Move,70930,3
980,554,512,Move,70940,3
980,554,512,Move,70940,3
981,554,512,Move,70949,3
981,554,512,Move,70950,3
982,555,512,Move,70959,3
982,555,512,Move,70959,3
983,555,512,Move,70979,3
983,555,512,Move,70979,3
983,556,512,Move,70989,3
983,556,512,Move,70989,3
984,556,512,Move,70999,3
984,556,512,Move,70999,3
985,557,512,Move,71018,3
985,557,512,Move,71018,3
986,558,512,Move,71028,3
986,558,512,Move,71028,3
988,558,512,Move,71038,3
988,558,512,Move,71038,3
990,559,512,Move,71058,3
990,559,512,Move,71058,3
991,560,512,Move,71067,3
991,560,512,Move,71068,3
993,560,512,Move,71077,3
993,560,512,Move,71077,3
995,561,512,Move,71087,3
995,561,512,Move,71087,3
998,562,512,Move,71097,3
998,562,512,Move,71097,3
1000,562,512,Move,71117,3
1000,562,512,Move,71117,3
1001,563,512,Move,71127,3
1001,563,512,Move,71127,3
1002,564,512,Move,71136,3
1002,564,512,Move,71137,3
1003,564,512,Move,71146,3
1003,564,512,Move,71146,3
1004,564,512,Move,71156,3
1004,564,512,Move,71156,3
1005,564,512,Move,71195,3
1005,564,512,Move,71196,3
1006,564,512,Move,71215,3
1006,564,512,Move,71215,3
1007,564,512,Move,71235,3
1007,564,512,Move,71235,3
1008,564,512,Move,71245,3
1008,564,512,Move,71245,3
1009,564,512,Move,71254,3
1009,564,512,Move,71255,3
1010,564,512,Move,71274,3
1010,564,512,Move,71274,3
1011,564,512,Move,71294,3
1011,564,512,Move,71294,3
1011,564,513,Pressed,71461,3
1011,564,513,Pressed,71461,3
1011,564,514,Released,71618,3
1011,564,514,Released,71619,3
1011,565,512,Move,71786,3
1011,565,512,Move,71786,3
1011,566,512,Move,71825,3
1011,566,512,Move,71825,3
1011,567,512,Move,71914,3
1011,567,512,Move,71914,3
1012,567,512,Move,72051,3
1012,567,512,Move,72052,3
1010,567,512,Move,72238,3
1010,567,512,Move,72238,3
1007,567,512,Move,72248,3
1007,567,512,Move,72248,3
1005,567,512,Move,72258,3
1005,567,512,Move,72258,3
1000,567,512,Move,72268,3
1000,567,512,Move,72268,3
994,567,512,Move,72278,3
994,567,512,Move,72278,3
987,567,512,Move,72287,3
987,567,512,Move,72288,3
981,566,512,Move,72297,3
981,566,512,Move,72297,3
969,564,512,Move,72307,3
969,564,512,Move,72307,3
959,562,512,Move,72317,3
959,562,512,Move,72317,3
943,558,512,Move,72327,3
943,558,512,Move,72327,3
932,557,512,Move,72337,3
932,557,512,Move,72337,3
920,555,512,Move,72346,3
920,555,512,Move,72347,3
902,551,512,Move,72356,3
902,551,512,Move,72356,3
887,549,512,Move,72366,3
887,549,512,Move,72366,3
860,544,512,Move,72376,0
844,542,512,Move,72386,0
818,538,512,Move,72396,0
801,535,512,Move,72406,0
777,530,512,Move,72415,0
765,528,512,Move,72425,0
745,525,512,Move,72435,0
734,523,512,Move,72445,0
719,521,512,Move,72455,0
709,519,512,Move,72465,0
697,517,512,Move,72474,0
688,516,512,Move,72484,0
679,514,512,Move,72494,0
673,513,512,Move,72504,0
664,511,512,Move,72514,0
659,511,512,Move,72524,0
654,510,512,Move,72534,0
646,508,512,Move,72543,0
642,508,512,Move,72553,0
633,506,512,Move,72563,0
627,505,512,Move,72573,0
619,504,512,Move,72583,0
612,503,512,Move,72593,0
602,501,512,Move,72602,0
598,501,512,Move,72612,0
588,500,512,Move,72622,0
583,499,512,Move,72632,0
573,497,512,Move,72642,0
567,496,512,Move,72652,0
557,493,512,Move,72661,0
552,492,512,Move,72671,0
544,491,512,Move,72681,0
540,491,512,Move,72691,0
536,490,512,Move,72701,0
531,489,512,Move,72711,0
529,489,512,Move,72720,0
528,488,512,Move,72730,0
527,488,512,Move,72740,0
527,488,512,Move,73144,0
527,488,516,Pressed,73155,0
527,488,517,Released,73160,0
536,484,512,Move,73237,0
536,484,512,Move,73240,0
539,483,512,Move,73242,0
539,483,512,Move,73243,0
545,482,512,Move,73252,0
545,482,512,Move,73253,0
551,481,512,Move,73262,0
551,481,512,Move,73262,0
558,480,512,Move,73271,0
558,480,512,Move,73272,0
564,479,512,Move,73281,0
564,479,512,Move,73282,0
569,478,512,Move,73291,0
569,478,512,Move,73292,0
574,478,512,Move,73301,0
574,478,512,Move,73302,0
578,478,512,Move,73311,0
578,478,512,Move,73311,0
581,478,512,Move,73321,0
581,478,512,Move,73321,0
585,478,512,Move,73330,0
585,478,512,Move,73331,0
586,478,512,Move,73340,0
586,478,512,Move,73341,0
589,478,512,Move,73350,0
589,478,512,Move,73351,0
590,479,512,Move,73360,0
590,479,512,Move,73361,0
591,480,512,Move,73370,0
591,480,512,Move,73371,0
593,481,512,Move,73380,0
593,481,512,Move,73380,0
594,482,512,Move,73389,0
594,482,512,Move,73390,0
595,483,512,Move,73399,0
595,483,512,Move,73400,0
596,484,512,Move,73409,0
596,484,512,Move,73410,0
596,485,512,Move,73419,0
596,485,512,Move,73420,0
597,487,512,Move,73429,0
597,487,512,Move,73430,0
598,488,512,Move,73439,0
598,488,512,Move,73439,0
598,490,512,Move,73448,0
598,490,512,Move,73449,0
599,492,512,Move,73458,0
599,492,512,Move,73459,0
599,493,512,Move,73468,0
599,493,512,Move,73469,0
600,495,512,Move,73478,0
600,495,512,Move,73479,0
601,496,512,Move,73488,0
601,496,512,Move,73489,0
601,498,512,Move,73498,0
601,498,512,Move,73498,0
601,499,512,Move,73508,0
601,499,512,Move,73508,0
601,502,512,Move,73517,0
601,502,512,Move,73518,0
601,503,512,Move,73527,0
601,503,512,Move,73528,0
601,505,512,Move,73537,0
601,505,512,Move,73538,0
601,506,512,Move,73547,0
601,506,512,Move,73548,0
601,507,512,Move,73557,0
601,507,512,Move,73557,0
601,508,512,Move,73567,0
601,508,512,Move,73567,0
601,510,512,Move,73576,0
601,510,512,Move,73577,0
601,511,512,Move,73596,0
601,511,512,Move,73597,0
601,515,512,Move,73606,0
601,515,512,Move,73607,0
601,516,512,Move,73616,0
601,516,512,Move,73616,0
601,519,512,Move,73626,0
601,519,512,Move,73626,0
601,520,512,Move,73635,0
601,520,512,Move,73636,0
601,522,512,Move,73645,0
601,522,512,Move,73646,0
601,523,512,Move,73655,0
601,523,512,Move,73656,0
601,524,512,Move,73665,0
601,524,512,Move,73666,0
601,525,512,Move,73675,0
601,525,512,Move,73675,0
601,526,512,Move,73685,0
601,526,512,Move,73685,0
601,527,512,Move,73694,0
601,527,512,Move,73695,0
601,528,512,Move,73704,0
601,528,512,Move,73705,0
601,529,512,Move,73724,0
601,529,512,Move,73725,0
601,530,512,Move,73734,0
601,530,512,Move,73734,0
601,531,512,Move,73744,0
601,531,512,Move,73744,0
601,533,512,Move,73753,0
601,533,512,Move,73754,0
601,534,512,Move,73773,0
601,534,512,Move,73774,0
601,535,512,Move,73783,0
601,535,512,Move,73784,0
601,536,512,Move,73793,0
601,536,512,Move,73794,0
601,537,512,Move,73812,0
601,537,512,Move,73813,0
601,538,512,Move,73822,0
601,538,512,Move,73823,0
601,539,512,Move,73842,0
601,539,512,Move,73843,0
600,539,512,Move,73871,0
600,539,512,Move,73872,0
600,540,512,Move,73881,0
600,540,512,Move,73882,0
600,540,513,Pressed,73931,0
600,540,513,Pressed,73931,0
600,540,513,Pressed,73932,0
600,540,514,Released,74068,0
600,540,514,Released,74069,0
600,540,512,Move,74071,0
600,540,512,Move,74080,0
599,540,512,Move,74098,0
596,537,512,Move,74129,0
551,510,512,Move,74206,0
543,507,512,Move,74231,0
541,506,512,Move,74236,0
540,505,512,Move,74245,0
540,505,516,Pressed,74472,0
540,505,517,Released,74475,0
540,505,512,Move,74476,0
540,505,512,Move,74478,0
540,505,512,Move,74479,0
540,505,512,Move,74481,0
540,504,512,Move,74488,0
540,504,512,Move,74489,0
540,503,512,Move,74491,0
540,503,512,Move,74492,0
543,503,512,Move,74501,0
543,503,512,Move,74502,0
545,501,512,Move,74511,0
545,501,512,Move,74512,0
550,499,512,Move,74521,0
550,499,512,Move,74522,0
555,497,512,Move,74531,0
555,497,512,Move,74531,0
562,494,512,Move,74541,0
562,494,512,Move,74541,0
567,492,512,Move,74550,0
567,492,512,Move,74551,0
574,490,512,Move,74560,0
574,490,512,Move,74561,0
578,490,512,Move,74570,0
578,490,512,Move,74571,0
584,490,512,Move,74580,0
584,490,512,Move,74581,0
588,489,512,Move,74590,0
588,489,512,Move,74590,0
591,489,512,Move,74600,0
591,489,512,Move,74600,0
594,489,512,Move,74609,0
594,489,512,Move,74610,0
595,489,512,Move,74619,0
595,489,512,Move,74620,0
596,489,512,Move,74629,0
596,489,512,Move,74630,0
597,489,512,Move,74639,0
597,489,512,Move,74640,0
598,490,512,Move,74659,0
598,490,512,Move,74659,0
599,491,512,Move,74668,0
599,491,512,Move,74669,0
599,493,512,Move,74678,0
599,493,512,Move,74679,0
600,496,512,Move,74688,0
600,496,512,Move,74689,0
600,497,512,Move,74698,0
600,497,512,Move,74699,0
602,500,512,Move,74708,0
602,500,512,Move,74708,0
602,502,512,Move,74718,0
602,502,512,Move,74718,0
602,504,512,Move,74727,0
602,504,512,Move,74728,0
602,505,512,Move,74737,0
602,505,512,Move,74738,0
602,508,512,Move,74747,0
602,508,512,Move,74748,0
602,510,512,Move,74757,0
602,510,512,Move,74758,0
604,513,512,Move,74767,0
604,513,512,Move,74767,0
604,515,512,Move,74777,0
604,515,512,Move,74777,0
604,518,512,Move,74786,0
604,518,512,Move,74787,0
604,520,512,Move,74796,0
604,520,512,Move,74797,0
604,523,512,Move,74806,0
604,523,512,Move,74807,0
604,524,512,Move,74816,0
604,524,512,Move,74817,0
604,526,512,Move,74826,0
604,526,512,Move,74827,0
604,527,512,Move,74836,0
604,527,512,Move,74836,0
604,530,512,Move,74845,0
604,530,512,Move,74846,0
604,532,512,Move,74855,0
604,532,512,Move,74856,0
604,533,512,Move,74865,0
604,533,512,Move,74866,0
604,535,512,Move,74875,0
604,535,512,Move,74876,0
604,537,512,Move,74885,0
604,537,512,Move,74886,0
604,538,512,Move,74895,0
604,538,512,Move,74895,0
604,539,512,Move,74905,0
604,539,512,Move,74905,0
604,541,512,Move,74914,0
604,541,512,Move,74915,0
604,542,512,Move,74924,0
604,542,512,Move,74925,0
604,543,512,Move,74934,0
604,543,512,Move,74935,0
604,545,512,Move,74944,0
604,545,512,Move,74945,0
604,546,512,Move,74964,0
604,546,512,Move,74964,0
604,547,512,Move,74993,0
604,547,512,Move,74994,0
604,548,512,Move,75003,0
604,548,512,Move,75004,0
604,549,512,Move,75013,0
604,549,512,Move,75013,0
604,551,512,Move,75032,0
604,551,512,Move,75033,0
604,552,512,Move,75042,0
604,552,512,Move,75043,0
604,553,512,Move,75052,0
604,553,512,Move,75053,0
604,554,512,Move,75062,0
604,554,512,Move,75063,0
604,555,512,Move,75072,0
604,555,512,Move,75072,0
604,556,512,Move,75082,0
604,556,512,Move,75082,0
604,557,512,Move,75091,0
604,557,512,Move,75092,0
604,558,512,Move,75101,0
604,558,512,Move,75102,0
604,559,512,Move,75111,0
604,559,512,Move,75112,0
604,561,512,Move,75121,0
604,561,512,Move,75122,0
604,562,512,Move,75141,0
604,562,512,Move,75141,0
604,562,513,Pressed,75200,0
604,562,513,Pressed,75202,0
604,562,513,Pressed,75203,0
604,562,514,Released,75308,0
604,562,514,Released,75309,0
604,562,512,Move,75311,0
604,562,512,Move,75318,0
604,563,512,Move,75328,0
605,563,512,Move,75337,0
611,567,512,Move,75361,0
712,622,512,Move,75422,0
794,667,512,Move,75451,0
845,702,512,Move,75469,0
878,724,512,Move,75475,3
878,724,512,Move,75475,3
896,739,512,Move,75485,3
896,739,512,Move,75485,3
922,762,512,Move,75495,3
922,762,512,Move,75495,3
933,774,512,Move,75505,3
933,774,512,Move,75505,3
955,796,512,Move,75514,3
955,796,512,Move,75515,3
967,807,512,Move,75524,0
977,819,512,Move,75534,0
992,839,512,Move,75544,0
999,849,512,Move,75554,0
1009,863,512,Move,75564,0
1016,872,512,Move,75574,0
1023,881,512,Move,75583,0
1026,887,512,Move,75593,0
1027,893,512,Move,75603,0
1027,897,512,Move,75613,0
1027,901,512,Move,75623,0
1026,905,512,Move,75633,0
1022,908,512,Move,75642,0
1020,910,512,Move,75652,0
1017,914,512,Move,75662,0
1015,917,512,Move,75672,0
1014,921,512,Move,75682,0
1013,924,512,Move,75692,0
1012,927,512,Move,75701,0
1012,931,512,Move,75711,0
1012,932,512,Move,75721,0
1014,934,512,Move,75731,0
1015,936,512,Move,75741,0
1016,936,512,Move,75751,0
1016,937,512,Move,75760,0
1012,937,512,Move,75800,0
998,934,512,Move,75810,0
982,928,512,Move,75820,0
940,915,512,Move,75829,0
906,904,512,Move,75839,0
841,891,512,Move,75849,0
794,884,512,Move,75859,0
718,873,512,Move,75869,0
668,873,512,Move,75879,0
619,873,512,Move,75888,0
547,873,512,Move,75898,0
502,873,512,Move,75908,0
441,873,512,Move,75918,0
412,875,512,Move,75928,0
367,877,512,Move,75938,0
348,881,512,Move,75947,0
316,886,512,Move,75957,0
300,889,512,Move,75967,0
274,893,512,Move,75977,0
260,896,512,Move,75987,0
242,899,512,Move,75997,0
232,900,512,Move,76006,0
221,905,512,Move,76016,0
214,908,512,Move,76026,0
203,913,512,Move,76036,0
195,916,512,Move,76046,0
184,923,512,Move,76056,0
175,925,512,Move,76065,0
167,929,512,Move,76075,0
154,934,512,Move,76085,0
145,938,512,Move,76095,0
133,943,512,Move,76105,0
124,946,512,Move,76115,0
114,950,512,Move,76124,0
108,952,512,Move,76134,0
98,957,512,Move,76144,0
92,959,512,Move,76154,0
85,962,512,Move,76164,0
82,963,512,Move,76174,0
76,966,512,Move,76183,0
74,966,512,Move,76193,0
70,968,512,Move,76203,0
70,969,512,Move,76213,0
68,970,512,Move,76223,0
68,971,512,Move,76233,0
68,972,512,Move,76243,0
67,973,512,Move,76262,0
66,974,512,Move,76282,0
65,975,512,Move,76292,0
63,976,512,Move,76302,0
59,976,512,Move,76311,0
56,977,512,Move,76321,0
51,979,512,Move,76331,0
44,980,512,Move,76341,0
37,982,512,Move,76351,0
31,983,512,Move,76361,0
24,984,160,Move,76371,0
24,984,160,Move,76372,0
21,985,512,Move,76380,0
15,987,512,Move,76390,0
13,988,512,Move,76400,0
10,989,512,Move,76410,0
8,990,512,Move,76420,0
7,990,512,Move,76439,0
7,991,512,Move,76489,0
7,992,512,Move,76557,0
8,993,512,Move,76715,0
9,994,512,Move,76725,0
10,995,512,Move,76734,0
11,995,512,Move,76744,0
12,996,512,Move,76764,0
12,996,513,Pressed,76803,0
12,996,160,Move,76895,0
12,996,162,Released,76931,0
13,996,160,Move,77000,0
14,996,160,Move,77020,0
15,996,160,Move,77030,0
16,996,160,Move,77059,0
18,996,160,Move,77079,0
19,996,160,Move,77098,0
20,996,160,Move,77108,0
21,995,160,Move,77118,0
23,993,160,Move,77128,0
23,992,160,Move,77138,0
26,988,160,Move,77148,0
29,984,160,Move,77157,0
33,977,512,Move,77167,0
36,969,512,Move,77177,0
41,958,512,Move,77187,0
45,948,512,Move,77201,0
49,934,512,Move,77207,0
52,924,512,Move,77217,0
54,911,512,Move,77226,0
55,900,512,Move,77236,0
59,884,512,Move,77246,0
60,873,512,Move,77256,0
62,858,512,Move,77266,0
65,846,512,Move,77276,0
70,830,512,Move,77285,0
71,818,512,Move,77295,0
73,807,512,Move,77305,0
78,789,512,Move,77315,0
81,779,512,Move,77325,0
87,764,512,Move,77335,0
91,755,512,Move,77344,0
93,743,512,Move,77354,0
94,734,512,Move,77364,0
96,723,512,Move,77374,0
97,716,512,Move,77384,0
97,706,512,Move,77394,0
97,699,512,Move,77403,0
97,691,512,Move,77413,0
97,684,512,Move,77431,0
97,677,512,Move,77433,0
97,672,512,Move,77443,0
97,666,512,Move,77453,0
97,662,512,Move,77463,0
97,656,512,Move,77472,0
97,652,512,Move,77482,0
97,648,512,Move,77492,0
97,642,512,Move,77502,0
97,639,512,Move,77512,0
96,633,512,Move,77522,0
95,631,512,Move,77531,0
95,628,512,Move,77541,0
95,627,512,Move,77551,0
95,623,512,Move,77561,0
95,621,512,Move,77571,0
95,619,512,Move,77581,0
95,617,512,Move,77590,0
95,613,512,Move,77600,0
95,611,512,Move,77610,0
95,606,512,Move,77620,0
95,604,512,Move,77630,0
95,600,512,Move,77640,0
95,597,512,Move,77649,0
94,593,512,Move,77659,0
93,585,512,Move,77669,0
92,581,512,Move,77679,0
91,574,512,Move,77689,0
90,568,512,Move,77699,0
89,563,512,Move,77708,0
88,559,512,Move,77718,0
87,554,512,Move,77728,0
87,551,512,Move,77738,0
86,547,512,Move,77748,0
86,545,512,Move,77758,0
85,543,512,Move,77768,0
85,541,512,Move,77777,0
85,540,512,Move,77787,0
85,539,512,Move,77807,0
85,538,512,Move,77895,0
85,537,512,Move,77915,0
85,536,512,Move,77935,0
85,536,513,Pressed,78004,0
85,536,512,Move,78005,0
85,536,514,Released,78092,0
85,536,512,Move,78094,0
85,536,512,Move,78264,0
85,536,512,Move,78267,0
85,536,512,Move,78273,0
85,536,512,Move,78320,0
84,536,512,Move,78377,0
84,537,512,Move,78417,0
83,538,512,Move,78437,0
83,539,512,Move,78456,0
83,540,512,Move,78466,0
83,541,512,Move,78486,0
83,542,512,Move,78505,0
82,542,512,Move,78515,0
82,543,512,Move,78525,0
82,544,512,Move,78555,0
287,596,512,Move,80087,0
287,597,512,Move,80149,0
288,597,512,Move,80198,0
289,597,512,Move,80227,0
292,597,512,Move,80247,0
293,597,512,Move,80267,0
294,597,512,Move,80276,0
296,597,512,Move,80286,0
297,597,512,Move,80296,0
299,597,512,Move,80306,0
302,597,512,Move,80316,0
303,596,512,Move,80326,0
307,596,512,Move,80335,0
310,596,512,Move,80345,0
314,596,512,Move,80355,0
317,596,512,Move,80365,0
323,596,512,Move,80375,0
326,596,512,Move,80385,0
332,596,512,Move,80394,0
336,596,512,Move,80404,0
346,596,512,Move,80414,0
351,596,512,Move,80424,0
362,596,512,Move,80434,0
369,596,512,Move,80444,0
381,596,512,Move,80454,0
391,596,512,Move,80463,0
404,596,512,Move,80473,0
414,596,512,Move,80483,0
425,596,512,Move,80493,0
441,596,512,Move,80503,0
451,596,512,Move,80512,0
467,596,512,Move,80522,0
476,596,512,Move,80532,0
485,596,512,Move,80542,0
489,596,512,Move,80552,0
492,595,512,Move,80562,0
494,595,512,Move,80572,0
494,594,512,Move,80699,0
494,593,512,Move,80709,0
496,592,512,Move,80729,0
497,592,512,Move,80739,0
500,592,512,Move,80749,0
501,592,512,Move,80759,0
503,592,512,Move,80768,0
503,593,512,Move,80808,0
503,594,512,Move,80818,0
504,595,512,Move,80857,0
504,596,512,Move,80975,0
504,597,512,Move,80995,0
504,598,512,Move,81005,0
505,600,512,Move,81014,0
505,602,512,Move,81024,0
505,606,512,Move,81034,0
505,615,512,Move,81044,0
501,623,512,Move,81054,0
496,636,512,Move,81064,0
492,647,512,Move,81073,0
485,664,512,Move,81083,0
480,676,512,Move,81093,0
473,695,512,Move,81103,0
468,707,512,Move,81113,0
458,726,512,Move,81123,0
454,738,512,Move,81132,0
445,758,512,Move,81142,0
439,768,512,Move,81152,0
427,790,512,Move,81162,0
420,799,512,Move,81172,0
408,814,512,Move,81182,0
401,823,512,Move,81191,0
394,832,512,Move,81201,0
386,844,512,Move,81211,0
386,844,512,Move,81216,0
380,851,512,Move,81221,0
373,860,512,Move,81231,0
368,865,512,Move,81241,0
368,865,512,Move,81246,0
368,865,512,Move,81247,0
368,865,512,Move,81250,0
368,865,512,Move,81251,0
364,873,512,Move,81252,0
364,873,512,Move,81255,0
364,873,512,Move,81255,0
364,873,512,Move,81256,0
360,877,512,Move,81260,0
360,877,512,Move,81265,0
360,877,512,Move,81266,0
355,881,512,Move,81270,0
353,884,512,Move,81280,0
350,886,512,Move,81290,0
350,886,512,Move,81292,0
349,887,512,Move,81300,0
349,887,512,Move,81306,0
349,887,512,Move,81307,0
349,887,512,Move,81309,0
349,887,512,Move,81310,0
347,888,512,Move,81311,0
347,888,512,Move,81351,0
347,888,512,Move,81352,0
347,888,512,Move,81371,0
347,888,512,Move,81372,0
347,888,512,Move,81376,0
347,888,512,Move,81377,0
347,887,512,Move,81508,0
348,886,512,Move,81516,0
349,885,512,Move,81526,0
351,883,512,Move,81536,0
351,882,512,Move,81546,0
353,880,512,Move,81557,0
354,878,512,Move,81565,0
355,877,512,Move,81575,0
356,874,512,Move,81597,0
359,872,512,Move,81609,0
359,872,512,Move,81613,0
359,872,512,Move,81615,0
359,871,512,Move,81616,0
359,871,512,Move,81619,0
362,868,512,Move,81624,0
364,865,512,Move,81634,0
367,861,512,Move,81644,0
370,858,512,Move,81654,0
374,852,512,Move,81664,0
378,848,512,Move,81674,0
382,842,512,Move,81683,0
384,839,512,Move,81693,0
389,835,512,Move,81703,0
393,833,512,Move,81713,0
397,829,512,Move,81723,0
401,827,512,Move,81733,0
404,824,512,Move,81742,0
409,821,512,Move,81752,0
412,819,512,Move,81762,0
416,815,512,Move,81772,0
418,814,512,Move,81782,0
422,811,512,Move,81792,0
423,809,512,Move,81801,0
427,804,512,Move,81811,0
429,801,512,Move,81821,0
436,795,512,Move,81831,0
441,790,512,Move,81841,0
450,783,512,Move,81851,0
457,778,512,Move,81861,0
469,770,512,Move,81870,0
476,763,512,Move,81880,0
492,753,512,Move,81890,0
501,747,512,Move,81900,0
512,742,512,Move,81910,0
527,731,512,Move,81920,0
539,726,512,Move,81929,0
556,716,512,Move,81939,0
568,712,512,Move,81949,0
587,702,512,Move,81959,0
600,698,512,Move,81969,0
619,690,512,Move,81979,0
630,685,512,Move,81988,0
649,676,512,Move,81998,0
659,673,512,Move,82008,0
672,665,512,Move,82018,0
682,661,512,Move,82028,0
692,657,512,Move,82038,0
700,653,512,Move,82047,0
708,650,512,Move,82057,0
712,648,512,Move,82067,0
716,646,512,Move,82077,0
718,643,160,Move,82087,3
720,643,160,Move,82097,3
720,641,160,Move,82106,3
720,640,160,Move,82166,3
720,639,160,Move,82215,3
722,639,160,Move,82225,3
724,638,160,Move,82234,3
727,636,160,Move,82244,3
730,635,160,Move,82254,3
733,634,160,Move,82264,3
736,633,512,Move,82274,3
738,633,512,Move,82284,3
740,632,512,Move,82293,3
742,632,512,Move,82303,3
746,632,512,Move,82313,3
747,632,512,Move,82323,3
748,633,512,Move,82333,3
749,633,512,Move,82343,3
750,633,512,Move,82362,3
750,634,512,Move,82372,3
751,634,512,Move,82382,3
751,634,513,Pressed,82539,3
751,634,514,Released,82657,3
751,634,512,Move,82669,3
751,634,512,Move,82701,3
751,634,512,Move,82702,3
751,634,512,Move,82743,0
751,634,512,Move,82744,0
751,634,512,Move,82762,0
751,634,512,Move,82763,0
751,634,512,Move,82769,0
751,634,512,Move,82786,0
751,636,512,Move,82854,0
748,638,512,Move,82864,0
742,645,512,Move,82874,0
736,651,512,Move,82884,0
722,664,512,Move,82894,0
711,674,512,Move,82903,0
693,693,512,Move,82913,0
681,706,512,Move,82923,0
658,726,512,Move,82933,0
638,741,512,Move,82943,0
607,765,512,Move,82953,0
582,780,512,Move,82963,0
549,798,512,Move,82972,0
506,822,512,Move,82982,0
476,837,512,Move,82992,0
440,862,512,Move,83002,0
420,876,512,Move,83012,0
389,899,512,Move,83022,0
375,910,512,Move,83031,0
352,926,512,Move,83041,0
339,933,512,Move,83051,0
325,944,512,Move,83061,0
313,948,512,Move,83071,0
303,954,512,Move,83081,0
297,957,512,Move,83090,0
291,962,512,Move,83100,0
288,965,512,Move,83110,0
284,967,512,Move,83120,0
282,969,512,Move,83130,0
280,971,512,Move,83140,0
278,972,512,Move,83149,0
277,973,512,Move,83159,0
275,975,512,Move,83169,0
273,976,512,Move,83179,0
271,977,512,Move,83189,0
269,979,512,Move,83199,0
265,981,512,Move,83208,0
263,983,512,Move,83218,0
259,986,512,Move,83240,0
255,989,512,Move,83241,0
249,994,512,Move,83248,0
246,996,512,Move,83258,0
242,999,512,Move,83269,0
240,1001,512,Move,83277,0
237,1002,512,Move,83287,0
237,1004,512,Move,83297,0
236,1004,512,Move,83307,0
234,1004,512,Move,83415,0
232,1004,512,Move,83435,0
229,1004,512,Move,83445,0
224,1004,512,Move,83455,0
221,1003,512,Move,83464,0
216,1003,512,Move,83474,0
213,1003,512,Move,83484,0
209,1003,512,Move,83494,0
206,1003,512,Move,83504,0
204,1003,512,Move,83514,0
203,1003,512,Move,83523,0
203,1003,513,Pressed,83592,0
203,1003,514,Released,83701,0
203,1003,512,Move,83702,0
203,1003,512,Move,83856,0
203,1003,512,Move,84071,0
203,1003,512,Move,84082,0
203,1003,512,Move,84083,0
203,1003,512,Move,84085,0
203,1003,512,Move,84101,0
203,1003,512,Move,84102,0
203,1003,512,Move,84108,0
203,1003,512,Move,84109,0
203,1003,512,Move,84118,0
203,1003,512,Move,84125,0
203,1003,512,Move,84126,0
203,1003,512,Move,84126,0
203,1003,512,Move,84127,0
203,1003,512,Move,84128,0
202,1003,512,Move,84212,0
202,1003,512,Move,84287,0
202,1003,512,Move,84335,0
202,1003,512,Move,84419,0
202,1003,512,Move,84420,0
202,1003,512,Move,84435,0
202,1003,512,Move,84436,0
202,1002,512,Move,84537,0
201,1001,512,Move,84547,0
201,999,512,Move,84566,0
201,999,512,Move,84575,0
201,997,512,Move,84583,0
204,994,512,Move,84591,0
208,989,512,Move,84599,0
228,949,160,Move,84634,3
235,929,160,Move,84635,3
252,887,160,Move,84645,3
252,887,160,Move,84651,3
263,850,160,Move,84655,3
280,792,160,Move,84665,3
297,750,160,Move,84675,3
323,688,160,Move,84684,3
338,648,160,Move,84694,3
363,589,160,Move,84704,3
381,546,160,Move,84714,3
404,487,160,Move,84724,3
419,445,512,Move,84734,3
436,405,512,Move,84745,3
458,362,160,Move,84753,3
474,332,160,Move,84763,3
491,290,160,Move,84773,3
501,264,160,Move,84783,3
513,230,160,Move,84793,3
520,215,160,Move,84802,3
526,197,160,Move,84812,3
528,189,160,Move,84822,3
531,179,160,Move,84832,3
532,174,160,Move,84842,3
532,171,160,Move,84852,3
532,170,160,Move,84861,3
531,170,160,Move,84871,3
530,170,160,Move,84881,3
529,170,160,Move,84891,3
531,172,160,Move,85078,3
534,172,160,Move,85088,3
537,173,160,Move,85098,3
539,173,160,Move,85107,3
542,175,160,Move,85117,3
544,177,160,Move,85127,3
545,178,160,Move,85137,3
549,181,160,Move,85147,3
551,184,160,Move,85157,3
556,189,160,Move,85167,3
560,192,160,Move,85176,3
565,199,160,Move,85186,3
568,200,160,Move,85196,3
575,207,160,Move,85206,3
581,213,160,Move,85216,3
590,223,160,Move,85226,3
597,231,160,Move,85235,3
607,246,160,Move,85245,3
613,257,160,Move,85255,3
622,272,160,Move,85265,3
627,284,160,Move,85275,3
632,296,160,Move,85285,3
634,311,160,Move,85294,3
634,322,160,Move,85304,3
634,337,160,Move,85314,3
632,348,160,Move,85324,3
630,363,160,Move,85334,3
629,373,160,Move,85344,3
626,388,160,Move,85354,3
624,398,512,Move,85363,3
623,411,512,Move,85373,3
621,419,512,Move,85383,3
620,430,512,Move,85393,3
617,436,512,Move,85403,3
612,446,512,Move,85413,3
609,452,512,Move,85422,3
605,461,512,Move,85432,3
602,467,512,Move,85442,3
600,473,512,Move,85452,3
596,479,512,Move,85462,3
592,483,512,Move,85472,3
587,490,512,Move,85481,3
583,494,512,Move,85491,3
578,501,512,Move,85501,3
576,505,512,Move,85511,3
572,510,512,Move,85521,3
569,513,512,Move,85531,3
566,518,512,Move,85540,3
564,520,512,Move,85550,3
560,525,512,Move,85560,3
557,529,512,Move,85570,3
555,532,512,Move,85580,3
551,536,512,Move,85590,3
548,540,512,Move,85600,3
546,542,512,Move,85609,3
543,547,160,Move,85619,3
542,549,160,Move,85629,3
540,551,160,Move,85639,3
539,553,160,Move,85649,3
537,554,160,Move,85658,3
537,555,160,Move,85668,3
537,556,160,Move,85678,3
537,557,160,Move,85688,3
537,558,160,Move,85698,3
537,560,160,Move,85708,3
537,560,160,Move,85708,3
537,561,160,Move,85718,3
537,564,512,Move,85727,3
538,565,512,Move,85737,3
538,568,512,Move,85747,3
538,569,512,Move,85757,3
538,572,512,Move,85767,3
538,574,512,Move,85777,3
538,576,512,Move,85786,3
538,578,512,Move,85796,3
538,580,512,Move,85806,3
538,582,512,Move,85816,3
537,583,512,Move,85826,3
537,585,512,Move,85836,3
537,587,512,Move,85845,3
537,588,512,Move,85865,3
537,589,512,Move,85885,3
537,588,512,Move,86072,3
537,587,512,Move,86091,3
538,587,512,Move,86101,3
539,587,512,Move,86121,3
539,586,512,Move,86131,3
539,585,512,Move,86141,3
539,585,513,Pressed,87085,3
539,585,514,Released,87184,3
539,585,512,Move,87198,3
539,585,512,Move,87345,3
539,585,512,Move,87347,3
539,585,512,Move,87745,3
539,585,512,Move,87747,3
539,585,512,Move,87755,3
539,585,512,Move,87766,3
539,585,512,Move,87893,3
539,585,512,Move,87893,3
539,585,512,Move,88086,3
539,585,512,Move,88086,3
539,585,512,Move,88087,3
539,585,512,Move,88087,3
539,585,512,Move,88104,3
539,585,512,Move,88104,3
539,585,512,Move,88105,3
539,585,512,Move,88105,3
539,585,512,Move,88106,3
539,585,512,Move,88107,3
540,584,512,Move,88129,3
540,584,512,Move,88129,3
541,583,512,Move,88148,3
541,583,512,Move,88148,3
542,582,512,Move,88158,3
542,582,512,Move,88158,3
543,580,512,Move,88168,3
543,580,512,Move,88168,3
544,579,512,Move,88178,3
544,579,512,Move,88178,3
547,576,512,Move,88188,3
547,576,512,Move,88188,3
547,576,512,Move,88191,3
547,576,512,Move,88191,3
547,576,512,Move,88192,3
547,576,512,Move,88192,3
547,576,512,Move,88196,3
547,576,512,Move,88196,3
549,573,512,Move,88197,3
549,573,512,Move,88198,3
552,569,512,Move,88207,3
552,569,512,Move,88207,3
555,565,512,Move,88217,3
555,565,512,Move,88217,3
555,565,512,Move,88222,3
555,565,512,Move,88222,3
555,565,512,Move,88223,3
555,565,512,Move,88223,3
555,565,512,Move,88228,3
560,558,512,Move,88228,3
564,553,512,Move,88238,3
564,553,512,Move,88238,3
564,553,512,Move,88242,3
564,553,512,Move,88242,3
571,544,512,Move,88255,3
571,544,512,Move,88255,3
577,536,512,Move,88260,3
577,536,512,Move,88260,3
577,536,512,Move,88265,3
577,536,512,Move,88265,3
585,525,512,Move,88267,3
585,525,512,Move,88267,3
585,525,512,Move,88268,3
585,525,512,Move,88268,3
585,525,512,Move,88276,3
585,525,512,Move,88276,3
592,516,512,Move,88276,3
592,516,512,Move,88276,3
592,516,512,Move,88277,3
592,516,512,Move,88277,3
592,516,512,Move,88278,3
592,516,512,Move,88278,3
600,506,512,Move,88287,3
600,506,512,Move,88288,3
612,493,512,Move,88296,3
612,493,512,Move,88296,3
619,483,512,Move,88306,3
619,483,512,Move,88306,3
629,469,512,Move,88316,3
629,469,512,Move,88316,3
637,459,512,Move,88325,3
637,459,512,Move,88326,3
647,446,512,Move,88335,3
647,446,512,Move,88335,3
651,436,512,Move,88345,3
651,436,512,Move,88345,3
658,419,512,Move,88355,3
658,419,512,Move,88355,3
660,409,512,Move,88365,3
660,409,512,Move,88365,3
660,394,512,Move,88375,3
660,394,512,Move,88375,3
660,385,512,Move,88384,3
660,385,512,Move,88385,3
652,366,512,Move,88394,3
652,366,512,Move,88394,3
652,366,512,Move,88402,3
652,366,512,Move,88402,3
652,366,512,Move,88403,3
644,355,512,Move,88404,3
644,355,512,Move,88404,3
644,355,512,Move,88405,3
644,355,512,Move,88406,3
644,355,512,Move,88407,3
644,355,512,Move,88408,3
627,336,512,Move,88418,3
627,336,512,Move,88418,3
627,336,512,Move,88419,3
627,336,512,Move,88420,3
615,324,512,Move,88424,3
615,324,512,Move,88424,3
594,302,512,Move,88434,3
594,302,512,Move,88434,3
594,302,512,Move,88447,3
584,292,512,Move,88447,3
584,292,512,Move,88448,3
584,292,512,Move,88448,3
564,278,512,Move,88453,3
564,278,512,Move,88454,3
555,271,512,Move,88463,3
555,271,512,Move,88463,3
545,263,512,Move,88473,3
545,263,512,Move,88473,3
529,251,512,Move,88483,3
529,251,512,Move,88483,3
520,245,512,Move,88493,3
520,245,512,Move,88493,3
506,233,512,Move,88505,3
506,233,512,Move,88505,3
498,228,512,Move,88512,3
498,228,512,Move,88512,3
489,221,512,Move,88522,3
489,221,512,Move,88522,3
485,218,512,Move,88533,3
485,218,512,Move,88533,3
480,215,512,Move,88542,3
480,215,512,Move,88542,3
480,213,512,Move,88552,3
480,213,512,Move,88552,3
480,213,512,Move,88603,3
480,213,512,Move,88603,3
480,213,512,Move,88730,3
480,213,512,Move,88730,3
481,214,512,Move,88749,3
481,214,512,Move,88749,3
480,216,512,Move,88769,3
480,216,512,Move,88769,3
474,217,512,Move,88770,3
467,217,512,Move,88778,3
467,217,512,Move,88778,3
451,216,512,Move,88788,3
451,216,512,Move,88788,3
442,214,512,Move,88798,3
442,214,512,Move,88798,3
422,211,512,Move,88808,3
422,211,512,Move,88808,3
410,206,512,Move,88817,3
410,206,512,Move,88818,3
397,201,512,Move,88827,3
397,201,512,Move,88827,3
379,195,512,Move,88837,3
379,195,512,Move,88837,3
366,190,512,Move,88847,3
366,190,512,Move,88847,3
347,182,512,Move,88857,3
347,182,512,Move,88857,3
336,175,512,Move,88867,3
336,175,512,Move,88867,3
321,166,512,Move,88877,3
321,166,512,Move,88877,3
312,160,512,Move,88886,3
312,160,512,Move,88886,3
303,151,512,Move,88896,3
303,151,512,Move,88896,3
296,146,512,Move,88906,3
296,146,512,Move,88906,3
292,139,512,Move,88916,3
292,139,512,Move,88916,3
291,135,512,Move,88926,3
291,135,512,Move,88926,3
291,132,512,Move,88935,3
291,132,512,Move,88936,3
291,129,512,Move,88945,3
291,129,512,Move,88945,3
291,126,512,Move,88955,3
291,126,512,Move,88955,3
291,124,512,Move,88965,3
291,124,512,Move,88965,3
292,122,512,Move,88975,3
292,122,512,Move,88975,3
292,121,512,Move,88985,3
292,121,512,Move,88985,3
293,121,512,Move,89113,3
293,121,512,Move,89113,3
296,121,512,Move,89122,3
296,121,512,Move,89123,3
299,121,512,Move,89134,3
299,121,512,Move,89134,3
304,121,512,Move,89142,3
304,121,512,Move,89142,3
307,121,512,Move,89152,3
307,121,512,Move,89152,3
313,121,512,Move,89162,3
313,121,512,Move,89162,3
316,122,512,Move,89172,3
316,122,512,Move,89172,3
322,123,512,Move,89181,3
322,123,512,Move,89182,3
330,124,512,Move,89191,3
330,124,512,Move,89191,3
336,125,512,Move,89201,3
336,125,512,Move,89201,3
344,126,512,Move,89211,3
344,126,512,Move,89211,3
347,127,512,Move,89221,3
347,127,512,Move,89221,3
350,127,512,Move,89231,3
350,127,512,Move,89231,3
351,127,512,Move,89240,3
351,127,512,Move,89241,3
347,129,512,Move,89270,3
347,129,512,Move,89270,3
346,129,512,Move,89280,3
346,129,512,Move,89280,3
346,131,512,Move,89496,3
346,131,512,Move,89496,3
346,132,512,Move,89516,3
346,132,512,Move,89516,3
346,133,512,Move,89536,3
346,133,512,Move,89536,3
346,135,512,Move,89644,3
346,135,512,Move,89644,3
347,135,512,Move,89673,3
347,135,512,Move,89674,3
348,135,512,Move,89683,3
348,135,512,Move,89683,3
349,135,512,Move,89693,3
349,135,512,Move,89693,3
351,135,512,Move,89703,3
351,135,512,Move,89703,3
353,135,512,Move,89713,3
353,135,512,Move,89713,3
355,135,512,Move,89723,3
355,135,512,Move,89723,3
359,136,512,Move,89735,3
359,136,512,Move,89735,3
361,136,512,Move,89742,3
361,136,512,Move,89742,3
368,137,512,Move,89752,3
368,137,512,Move,89752,3
374,138,512,Move,89762,3
374,138,512,Move,89762,3
382,140,512,Move,89772,3
382,140,512,Move,89772,3
388,141,512,Move,89782,3
388,141,512,Move,89782,3
398,143,512,Move,89791,3
398,143,512,Move,89792,3
406,144,512,Move,89801,3
406,144,512,Move,89801,3
416,147,512,Move,89812,3
416,147,512,Move,89812,3
423,149,512,Move,89821,3
423,149,512,Move,89821,3
434,150,512,Move,89831,3
434,150,512,Move,89831,3
442,151,512,Move,89841,3
442,151,512,Move,89841,3
453,153,512,Move,89850,3
453,153,512,Move,89851,3
460,154,512,Move,89860,3
460,154,512,Move,89860,3
469,155,512,Move,89870,3
469,155,512,Move,89870,3
474,156,512,Move,89880,3
474,156,512,Move,89880,3
479,157,512,Move,89890,3
479,157,512,Move,89890,3
486,158,512,Move,89900,3
486,158,512,Move,89900,3
489,158,512,Move,89910,3
489,158,512,Move,89910,3
487,158,512,Move,90106,3
487,158,512,Move,90107,3
486,158,512,Move,90116,3
486,158,512,Move,90116,3
486,157,512,Move,90136,3
486,157,512,Move,90136,3
488,156,512,Move,90146,3
488,156,512,Move,90146,3
488,156,512,Move,90153,3
488,156,512,Move,90154,3
493,155,512,Move,90156,3
493,155,512,Move,90156,3
501,155,512,Move,90165,3
501,155,512,Move,90166,3
508,155,512,Move,90175,3
508,155,512,Move,90175,3
508,155,512,Move,90184,3
508,155,512,Move,90184,3
523,155,512,Move,90186,3
523,155,512,Move,90186,3
534,155,512,Move,90195,3
534,155,512,Move,90195,3
558,155,512,Move,90205,3
558,155,512,Move,90205,3
578,155,512,Move,90215,3
578,155,512,Move,90215,3
614,155,512,Move,90224,3
614,155,512,Move,90225,3
637,155,512,Move,90234,3
637,155,512,Move,90234,3
656,155,512,Move,90244,3
656,155,512,Move,90244,3
687,155,512,Move,90254,3
687,155,512,Move,90254,3
702,155,512,Move,90264,3
702,155,512,Move,90264,3
720,155,512,Move,90274,3
720,155,512,Move,90274,3
731,155,512,Move,90283,3
731,155,512,Move,90284,3
745,155,512,Move,90293,3
745,155,512,Move,90293,3
752,155,512,Move,90303,3
752,155,512,Move,90303,3
756,154,512,Move,90313,3
756,154,512,Move,90313,3
758,154,512,Move,90323,3
758,154,512,Move,90323,3
758,153,512,Move,90333,3
758,153,512,Move,90333,3
756,153,512,Move,90352,3
756,153,512,Move,90353,3
754,153,512,Move,90441,3
754,153,512,Move,90441,3
753,153,512,Move,90451,3
753,153,512,Move,90451,3
753,152,512,Move,90470,3
753,152,512,Move,90471,3
753,151,512,Move,90480,3
753,151,512,Move,90480,3
754,151,512,Move,90500,3
754,151,512,Move,90500,3
754,150,512,Move,90510,3
754,150,512,Move,90510,3
757,150,512,Move,90520,3
757,150,512,Move,90520,3
759,148,512,Move,90529,3
759,148,512,Move,90530,3
762,147,512,Move,90539,3
762,147,512,Move,90539,3
763,147,512,Move,90549,3
765,146,512,Move,90559,3
765,146,512,Move,90559,3
767,145,512,Move,90569,3
767,145,512,Move,90569,3
768,144,512,Move,90579,3
768,144,512,Move,90579,3
770,143,512,Move,90589,3
770,143,512,Move,90589,3
772,141,512,Move,90598,3
772,141,512,Move,90599,3
774,140,512,Move,90608,3
774,140,512,Move,90608,3
777,139,512,Move,90618,3
777,139,512,Move,90618,3
780,138,512,Move,90628,3
780,138,512,Move,90628,3
783,138,512,Move,90638,3
783,138,512,Move,90638,3
787,138,512,Move,90648,3
787,138,512,Move,90648,3
790,137,512,Move,90657,3
790,137,512,Move,90658,3
794,136,512,Move,90667,3
794,136,512,Move,90667,3
796,136,512,Move,90677,3
796,136,512,Move,90677,3
800,136,512,Move,90689,3
800,136,512,Move,90689,3
801,136,512,Move,90697,3
801,136,512,Move,90697,3
803,136,512,Move,90709,3
803,136,512,Move,90709,3
804,136,512,Move,90716,3
804,136,512,Move,90717,3
804,137,512,Move,90795,3
804,137,512,Move,90795,3
804,138,512,Move,90805,3
804,138,512,Move,90805,3
804,139,512,Move,90815,3
804,139,512,Move,90815,3
804,140,512,Move,90825,3
804,140,512,Move,90825,3
807,140,512,Move,90854,3
807,140,512,Move,90854,3
810,140,512,Move,90864,3
810,140,512,Move,90864,3
815,140,512,Move,90874,3
815,140,512,Move,90874,3
818,139,512,Move,90884,3
818,139,512,Move,90884,3
822,136,512,Move,90894,3
822,136,512,Move,90894,3
825,136,512,Move,90906,3
825,136,512,Move,90907,3
830,134,512,Move,90913,3
830,134,512,Move,90913,3
833,132,512,Move,90923,3
833,132,512,Move,90923,3
836,131,512,Move,90933,3
836,131,512,Move,90933,3
840,130,512,Move,90943,3
840,130,512,Move,90943,3
842,129,512,Move,90953,3
842,129,512,Move,90953,3
845,127,512,Move,90962,3
845,127,512,Move,90963,3
848,126,512,Move,90972,3
848,126,512,Move,90972,3
852,125,512,Move,90982,3
852,125,512,Move,90982,3
853,124,512,Move,90992,3
853,124,512,Move,90992,3
855,122,512,Move,91002,3
855,122,512,Move,91002,3
857,122,512,Move,91012,3
857,122,512,Move,91012,3
858,120,512,Move,91022,3
858,120,512,Move,91022,3
859,120,512,Move,91031,3
859,120,512,Move,91032,3
859,118,512,Move,91041,3
859,118,512,Move,91041,3
860,118,512,Move,91051,3
860,118,512,Move,91051,3
861,117,512,Move,91061,3
861,117,512,Move,91061,3
861,116,512,Move,91071,3
861,116,512,Move,91071,3
861,115,512,Move,91081,3
861,115,512,Move,91081,3
862,114,512,Move,91090,3
862,114,512,Move,91091,3
863,113,512,Move,91100,3
864,111,512,Move,91110,3
865,110,512,Move,91120,3
868,108,512,Move,91130,3
869,106,512,Move,91140,3
872,104,512,Move,91149,3
874,102,512,Move,91159,3
875,101,512,Move,91169,3
878,100,512,Move,91179,3
879,99,512,Move,91189,3
880,99,512,Move,91201,3
880,98,512,Move,91208,3
881,98,512,Move,91218,3
881,98,512,Move,91605,3
882,98,512,Move,91781,3
883,98,512,Move,91789,3
883,100,512,Move,91799,3
888,104,512,Move,91809,3
891,105,512,Move,91819,3
897,108,512,Move,91828,3
907,111,512,Move,91838,3
915,112,512,Move,91848,3
928,114,512,Move,91858,3
928,114,512,Move,91858,3
940,116,512,Move,91868,3
940,116,512,Move,91868,3
960,120,512,Move,91878,3
960,120,512,Move,91878,3
972,120,512,Move,91890,3
972,120,512,Move,91890,3
995,121,512,Move,91897,3
995,121,512,Move,91897,3
995,121,512,Move,91903,3
995,121,512,Move,91903,3
1009,121,512,Move,91907,3
1009,121,512,Move,91907,3
1027,121,512,Move,91917,3
1027,121,512,Move,91917,3
1039,121,512,Move,91927,3
1039,121,512,Move,91927,3
1056,121,512,Move,91937,3
1056,121,512,Move,91937,3
1066,121,512,Move,91946,3
1066,121,512,Move,91947,3
1078,121,512,Move,91956,3
1078,121,512,Move,91956,3
1086,121,512,Move,91966,3
1086,121,512,Move,91966,3
1094,121,512,Move,91976,3
1094,121,512,Move,91976,3
1096,121,512,Move,91986,3
1096,121,512,Move,91986,3
1099,120,512,Move,91998,3
1099,120,512,Move,91998,3
1099,118,512,Move,92015,3
1099,118,512,Move,92016,3
1099,116,512,Move,92025,3
1099,116,512,Move,92025,3
1096,116,512,Move,92163,3
1096,116,512,Move,92163,3
1095,116,512,Move,92173,3
1095,116,512,Move,92173,3
1097,116,512,Move,92202,3
1097,116,512,Move,92203,3
1102,116,512,Move,92212,3
1102,116,512,Move,92213,3
1108,114,512,Move,92222,3
1108,114,512,Move,92222,3
1118,111,512,Move,92232,3
1125,109,512,Move,92242,3
1136,108,512,Move,92252,3
1143,107,512,Move,92261,3
1155,105,512,Move,92271,3
1160,104,512,Move,92281,3
1169,102,512,Move,92291,3
1174,102,512,Move,92302,3
1180,100,512,Move,92311,3
1182,100,512,Move,92320,3
1186,99,512,Move,92330,3
1187,99,512,Move,92340,3
1187,98,512,Move,92350,3
1188,98,512,Move,92372,3
1189,98,512,Move,92478,3
1189,99,512,Move,92596,3
1188,99,512,Move,92616,3
1187,100,512,Move,92626,3
1186,100,512,Move,92637,3
1183,101,512,Move,92645,3
1178,101,512,Move,92655,3
1170,102,512,Move,92665,3
1162,103,512,Move,92675,3
1147,103,512,Move,92686,3
1135,103,512,Move,92694,3
1112,103,512,Move,92704,3
1092,103,512,Move,92714,3
1067,103,512,Move,92724,3
1020,103,512,Move,92734,3
987,103,512,Move,92744,3
931,105,512,Move,92753,3
892,105,512,Move,92763,3
834,105,512,Move,92773,3
792,105,512,Move,92783,3
736,109,512,Move,92793,3
694,109,512,Move,92803,3
641,111,512,Move,92812,3
608,111,512,Move,92822,3
560,115,512,Move,92832,3
560,115,512,Move,92832,3
532,115,512,Move,92842,3
532,115,512,Move,92842,3
487,115,512,Move,92852,3
487,115,512,Move,92852,3
473,115,512,Move,92862,3
473,115,512,Move,92862,3
448,115,512,Move,92871,3
448,115,512,Move,92872,3
436,115,512,Move,92881,3
436,115,512,Move,92881,3
423,115,512,Move,92891,3
423,115,512,Move,92891,3
407,115,512,Move,92901,3
407,115,512,Move,92901,3
396,115,512,Move,92911,3
396,115,512,Move,92911,3
382,115,512,Move,92921,3
382,115,512,Move,92921,3
374,115,512,Move,92931,3
374,115,512,Move,92931,3
363,115,512,Move,92940,3
363,115,512,Move,92941,3
358,115,512,Move,92950,3
358,115,512,Move,92950,3
350,115,512,Move,92960,3
350,115,512,Move,92960,3
344,115,512,Move,92970,3
344,115,512,Move,92970,3
336,115,512,Move,92980,3
336,115,512,Move,92980,3
330,115,512,Move,92990,3
330,115,512,Move,92990,3
322,115,512,Move,92999,3
322,115,512,Move,93000,3
316,115,512,Move,93009,3
316,115,512,Move,93009,3
307,115,512,Move,93019,3
307,115,512,Move,93019,3
300,115,512,Move,93029,3
300,115,512,Move,93029,3
290,115,512,Move,93039,3
290,115,512,Move,93039,3
284,115,512,Move,93049,3
284,115,512,Move,93049,3
271,115,512,Move,93058,3
271,115,512,Move,93059,3
265,115,512,Move,93068,3
265,115,512,Move,93068,3
256,115,512,Move,93078,3
256,115,512,Move,93078,3
245,115,512,Move,93088,3
245,115,512,Move,93088,3
236,115,512,Move,93098,3
236,115,512,Move,93098,3
225,115,512,Move,93108,3
225,115,512,Move,93108,3
217,115,512,Move,93118,3
217,115,512,Move,93118,3
206,115,512,Move,93127,3
206,115,512,Move,93127,3
199,115,512,Move,93137,3
199,115,512,Move,93137,3
190,114,512,Move,93147,3
190,114,512,Move,93147,3
183,112,512,Move,93157,3
176,111,512,Move,93167,3
173,110,512,Move,93177,3
167,109,512,Move,93186,3
165,109,512,Move,93196,3
163,108,512,Move,93206,3
161,107,512,Move,93216,3
160,106,512,Move,93246,3
160,105,512,Move,93275,3
160,104,512,Move,93314,3
160,102,512,Move,93334,3
160,101,512,Move,93344,3
161,100,512,Move,93354,3
161,99,512,Move,93364,3
162,98,512,Move,93373,3
162,97,512,Move,93383,3
163,96,512,Move,93393,3
164,96,512,Move,93403,3
164,96,513,Pressed,93511,3
164,96,512,Move,93514,3
164,96,512,Move,93518,3
164,96,514,Released,93629,3
164,96,512,Move,93629,3
164,96,512,Move,93766,3
164,96,512,Move,93775,3
163,96,512,Move,93797,3
163,96,512,Move,93811,3
162,96,512,Move,93816,3
160,97,512,Move,93826,3
159,98,512,Move,93836,3
158,101,512,Move,93846,3
157,102,512,Move,93856,3
155,104,512,Move,93865,3
152,108,512,Move,93875,3
150,109,512,Move,93886,3
147,111,512,Move,93895,3
145,112,512,Move,93905,3
142,114,512,Move,93915,3
142,114,512,Move,93915,3
140,115,512,Move,93924,3
140,115,512,Move,93924,3
138,116,512,Move,93934,3
138,116,512,Move,93934,3
134,116,512,Move,93944,3
134,116,512,Move,93944,3
132,117,512,Move,93954,3
132,117,512,Move,93954,3
132,117,512,Move,93961,3
132,117,512,Move,93961,3
129,117,512,Move,93964,3
129,117,512,Move,93964,3
126,117,512,Move,93974,3
126,117,512,Move,93974,3
123,117,512,Move,93983,3
123,117,512,Move,93984,3
121,117,512,Move,93993,3
121,117,512,Move,93993,3
117,117,512,Move,94003,3
117,117,512,Move,94003,3
114,117,512,Move,94013,3
114,117,512,Move,94013,3
110,117,512,Move,94024,3
110,117,512,Move,94025,3
106,117,512,Move,94033,3
106,117,512,Move,94033,3
102,116,512,Move,94043,3
102,116,512,Move,94043,3
99,115,512,Move,94052,3
99,115,512,Move,94052,3
96,114,512,Move,94062,3
96,114,512,Move,94062,3
93,113,512,Move,94072,3
90,112,512,Move,94082,3
89,110,512,Move,94092,3
87,110,512,Move,94103,3
86,108,512,Move,94111,3
85,107,512,Move,94121,3
84,106,512,Move,94131,3
83,104,512,Move,94151,3
83,102,512,Move,94170,3
82,102,512,Move,94269,3
82,102,513,Pressed,94269,3
82,102,512,Move,94272,3
82,102,512,Move,94273,3
82,102,512,Move,94277,3
82,102,514,Released,94367,3
82,102,512,Move,94368,3
83,103,512,Move,94477,3
85,103,512,Move,94495,3
90,104,512,Move,94505,3
94,104,512,Move,94515,3
94,104,512,Move,94522,3
102,104,512,Move,94525,3
108,104,512,Move,94534,3
108,104,512,Move,94541,3
120,104,512,Move,94544,3
128,104,512,Move,94556,3
128,104,512,Move,94556,3
141,104,512,Move,94564,3
149,104,512,Move,94574,3
158,104,512,Move,94584,3
164,104,512,Move,94594,3
169,104,512,Move,94604,3
172,104,512,Move,94613,3
175,104,512,Move,94623,3
176,104,512,Move,94633,3
176,104,512,Move,94710,3
176,104,513,Pressed,94741,3
176,104,512,Move,94744,3
176,104,512,Move,94746,3
176,104,512,Move,94754,3
176,104,514,Released,94850,3
176,104,512,Move,94850,3
177,104,512,Move,94889,3
178,104,512,Move,94908,3
180,104,512,Move,94918,3
183,104,512,Move,94928,3
188,104,512,Move,94939,3
193,104,512,Move,94948,3
204,104,512,Move,94958,3
214,104,512,Move,94967,3
226,104,512,Move,94977,3
236,104,512,Move,94987,3
249,104,512,Move,94997,3
259,104,512,Move,95009,3
267,104,512,Move,95017,3
278,104,512,Move,95026,3
285,104,512,Move,95036,3
285,104,512,Move,95045,3
291,104,512,Move,95046,3
295,104,512,Move,95056,3
297,104,512,Move,95066,3
298,104,512,Move,95076,3
298,104,513,Pressed,95145,3
298,104,512,Move,95148,3
298,104,512,Move,95150,3
298,104,512,Move,95195,3
298,104,514,Released,95244,3
298,104,512,Move,95244,3
298,105,512,Move,95314,3
298,106,512,Move,95351,3
299,106,512,Move,95361,3
300,106,512,Move,95371,3
301,107,512,Move,95382,3
303,108,512,Move,95391,3
303,108,512,Move,95396,3
303,108,512,Move,95397,3
307,108,512,Move,95400,3
310,108,512,Move,95410,3
315,108,512,Move,95420,3
321,108,512,Move,95432,3
329,108,512,Move,95440,3
334,108,512,Move,95450,3
344,108,512,Move,95460,3
350,108,512,Move,95469,3
359,108,512,Move,95479,3
365,108,512,Move,95492,3
374,108,512,Move,95499,3
380,108,512,Move,95509,3
389,108,512,Move,95518,3
395,108,512,Move,95528,3
403,108,512,Move,95539,3
409,108,512,Move,95548,3
416,108,512,Move,95558,3
425,108,512,Move,95568,3
432,108,512,Move,95577,3
443,108,512,Move,95587,3
443,108,512,Move,95591,3
450,108,512,Move,95597,3
461,108,512,Move,95607,3
467,108,512,Move,95617,3
477,108,512,Move,95627,3
484,108,512,Move,95637,3
493,108,512,Move,95646,3
500,108,512,Move,95656,3
511,108,512,Move,95668,3
517,108,512,Move,95679,3
526,108,512,Move,95686,3
532,108,512,Move,95698,3
540,108,512,Move,95705,3
546,108,512,Move,95715,3
550,108,512,Move,95725,3
557,108,512,Move,95735,3
562,108,512,Move,95745,3
569,108,512,Move,95755,3
573,108,512,Move,95764,3
580,108,512,Move,95774,3
585,108,512,Move,95784,3
591,108,512,Move,95794,3
594,108,512,Move,95804,3
601,108,512,Move,95814,3
604,108,512,Move,95824,3
610,108,512,Move,95833,3
613,108,512,Move,95843,3
618,108,512,Move,95854,3
621,108,512,Move,95863,3
626,108,512,Move,95873,3
629,108,512,Move,95883,3
633,108,512,Move,95892,3
636,108,512,Move,95902,3
638,108,512,Move,95912,3
642,108,512,Move,95922,3
643,108,512,Move,95932,3
648,108,512,Move,95942,3
650,108,512,Move,95951,3
654,108,512,Move,95961,3
658,108,512,Move,95971,3
662,108,512,Move,95981,3
665,108,512,Move,95993,3
671,107,512,Move,96001,3
676,106,512,Move,96012,3
680,105,512,Move,96020,3
682,104,512,Move,96030,3
685,104,512,Move,96040,3
688,104,512,Move,96050,3
689,103,512,Move,96060,3
690,103,512,Move,96069,3
690,103,513,Pressed,96158,3
690,103,512,Move,96162,3
690,103,512,Move,96162,3
690,103,514,Released,96257,3
690,103,512,Move,96258,3
690,103,512,Move,96413,3
690,103,512,Move,96449,3
691,103,512,Move,96571,3
692,103,512,Move,96591,3
693,104,512,Move,96602,3
693,105,512,Move,96623,3
694,106,512,Move,96630,3
695,108,512,Move,96640,3
697,110,512,Move,96650,3
698,111,512,Move,96661,3
700,113,512,Move,96670,3
700,114,512,Move,96680,3
703,118,512,Move,96709,3
707,120,512,Move,96710,3
709,121,512,Move,96719,3
719,126,512,Move,96756,3
722,126,512,Move,96758,3
726,127,512,Move,96768,3
729,127,512,Move,96778,3
733,128,512,Move,96788,3
737,128,512,Move,96798,3
740,128,512,Move,96807,3
744,128,512,Move,96817,3
746,128,512,Move,96827,3
749,128,512,Move,96837,3
751,128,512,Move,96847,3
754,126,512,Move,96857,3
756,126,512,Move,96866,3
757,124,512,Move,96876,3
759,123,512,Move,96886,3
761,120,512,Move,96896,3
762,120,512,Move,96906,3
764,119,512,Move,96916,3
766,117,512,Move,96935,3
767,117,512,Move,96945,3
768,116,512,Move,96955,3
768,115,512,Move,96965,3
769,115,512,Move,96975,3
770,113,512,Move,96984,3
771,112,512,Move,96994,3
772,111,512,Move,97004,3
772,110,512,Move,97014,3
773,109,512,Move,97034,3
773,108,512,Move,97043,3
773,108,513,Pressed,97123,3
773,108,512,Move,97126,3
773,108,512,Move,97128,3
773,108,512,Move,97132,3
773,108,514,Released,97224,3
773,108,512,Move,97224,3
774,108,512,Move,97260,3
775,108,512,Move,97280,3
775,107,512,Move,97289,3
775,106,512,Move,97302,3
774,105,512,Move,97319,3
774,105,512,Move,97385,3
774,105,512,Move,97417,3
772,105,512,Move,97506,3
768,105,512,Move,97516,3
762,106,512,Move,97526,3
760,106,512,Move,97536,3
759,106,512,Move,97545,3
760,107,512,Move,97567,3
760,107,512,Move,97568,3
763,107,512,Move,97575,3
767,107,512,Move,97585,3
771,107,512,Move,97595,3
780,107,512,Move,97604,3
788,107,512,Move,97614,3
800,107,512,Move,97624,3
811,107,512,Move,97634,3
826,107,512,Move,97644,3
837,107,512,Move,97653,3
852,107,512,Move,97663,3
861,107,512,Move,97676,3
872,105,512,Move,97683,3
888,102,512,Move,97695,3
899,100,512,Move,97703,3
912,98,512,Move,97713,3
924,96,512,Move,97724,3
943,93,512,Move,97732,3
953,91,512,Move,97742,3
968,88,512,Move,97753,3
979,86,512,Move,97762,3
993,85,512,Move,97772,3
1004,83,512,Move,97781,3
1018,81,512,Move,97791,3
1026,80,512,Move,97801,3
1038,77,512,Move,97811,3
1046,75,512,Move,97821,3
1055,74,512,Move,97831,3
1062,73,512,Move,97840,3
1067,72,512,Move,97852,3
1074,70,512,Move,97863,3
1079,68,512,Move,97870,3
1085,65,512,Move,97882,3
1088,64,512,Move,97890,3
1094,62,512,Move,97899,3
1097,60,512,Move,97910,3
1103,57,512,Move,97919,3
1108,55,512,Move,97929,3
1113,52,512,Move,97939,3
1116,51,512,Move,97949,3
1121,50,512,Move,97958,3
1125,48,512,Move,97968,3
1129,46,512,Move,97978,3
1132,45,512,Move,97988,3
1136,43,512,Move,97998,3
1141,42,512,Move,98008,3
1146,39,512,Move,98018,3
1148,38,512,Move,98027,3
1150,36,512,Move,98038,3
1154,35,512,Move,98047,3
1156,34,512,Move,98057,3
1159,33,512,Move,98067,3
1161,33,512,Move,98077,3
1165,31,512,Move,98086,3
1166,30,512,Move,98096,3
1169,29,512,Move,98106,3
1171,28,512,Move,98118,3
1171,26,512,Move,98126,3
1173,26,512,Move,98137,3
1174,24,512,Move,98145,3
1175,24,512,Move,98155,3
1177,22,512,Move,98165,3
1177,21,512,Move,98175,3
1178,20,512,Move,98185,3
1179,19,512,Move,98195,3
1181,18,160,Move,98205,3
1182,17,160,Move,98214,3
1184,16,160,Move,98224,3
1185,15,160,Move,98234,3
1186,15,160,Move,98244,3
1186,14,160,Move,98254,3
1187,14,160,Move,98264,3
1187,13,160,Move,98284,3
1188,13,160,Move,98293,3
1188,12,160,Move,98332,3
1188,12,160,Move,99035,3
1188,11,160,Move,99277,3
1188,11,160,Move,99725,3
1188,11,160,Move,101269,3
1188,11,160,Move,101299,3
1189,11,160,Move,101944,3
1190,11,160,Move,101954,3
1196,11,160,Move,101963,3
1201,11,160,Move,101973,3
1214,9,160,Move,101983,3
1214,9,160,Move,101984,3
1225,7,160,Move,101993,3
1238,5,160,Move,102003,3
1238,5,160,Move,102004,3
1250,2,160,Move,102013,3
1265,0,160,Move,102022,3
1276,0,160,Move,102035,3
1279,0,160,Move,102042,3
1279,0,161,Pressed,102468,3
1279,0,512,Move,102470,3
1279,0,512,Move,102470,3
1279,0,514,Released,102564,3
1279,0,160,Move,102588,3
1279,0,160,Move,102591,3
1279,0,160,Move,102605,3
1279,0,160,Move,102797,3
1279,0,160,Move,102816,3
1279,0,160,Move,102842,3
1279,0,160,Move,102850,3
1279,0,160,Move,102897,3
1279,0,160,Move,102904,3
1278,0,160,Move,102937,3
1275,1,160,Move,102947,3
1271,4,160,Move,102958,3
1266,8,160,Move,102967,3
1254,16,160,Move,102977,3
1245,24,160,Move,102987,3
1235,34,160,Move,102996,3
1213,54,160,Move,103006,3
1194,72,160,Move,103016,3
1162,105,160,Move,103030,3
1141,126,512,Move,103036,3
1141,126,512,Move,103036,3
1100,164,512,Move,103046,3
1100,164,512,Move,103046,3
1067,199,512,Move,103055,3
1067,199,512,Move,103056,3
1022,241,512,Move,103065,3
1022,241,512,Move,103065,3
991,265,512,Move,103075,3
991,265,512,Move,103075,3
943,300,512,Move,103085,3
943,300,512,Move,103085,3
910,322,512,Move,103095,3
910,322,512,Move,103095,3
875,350,512,Move,103105,3
875,350,512,Move,103105,3
856,364,512,Move,103114,3
856,364,512,Move,103115,3
830,383,512,Move,103124,3
830,383,512,Move,103124,3
819,388,512,Move,103134,3
819,388,512,Move,103134,3
805,398,512,Move,103144,3
805,398,512,Move,103144,3
797,402,512,Move,103154,3
797,402,512,Move,103154,3
788,406,512,Move,103164,3
788,406,512,Move,103164,3
779,409,512,Move,103173,3
779,409,512,Move,103174,3
774,411,512,Move,103183,3
774,411,512,Move,103183,3
768,413,512,Move,103193,3
768,413,512,Move,103193,3
763,413,512,Move,103203,3
763,413,512,Move,103203,3
758,414,512,Move,103213,3
758,414,512,Move,103213,3
752,414,512,Move,103223,3
752,414,512,Move,103223,3
744,415,512,Move,103232,3
744,415,512,Move,103233,3
738,416,512,Move,103242,3
738,416,512,Move,103242,3
729,422,160,Move,103252,3
722,425,160,Move,103262,3
711,429,160,Move,103272,3
703,435,160,Move,103283,3
693,441,160,Move,103293,3
687,447,160,Move,103301,3
676,455,512,Move,103311,3
670,460,512,Move,103321,3
662,469,512,Move,103331,3
657,474,512,Move,103343,3
652,480,512,Move,103350,3
647,489,512,Move,103360,3
643,493,512,Move,103370,3
637,500,512,Move,103380,3
634,504,512,Move,103390,3
630,509,512,Move,103402,3
628,511,512,Move,103410,3
626,514,512,Move,103420,3
625,516,512,Move,103429,3
624,517,512,Move,103439,3
623,519,512,Move,103449,3
622,519,512,Move,103459,3
622,520,512,Move,103469,3
621,520,512,Move,103480,3
620,520,512,Move,103518,3
619,522,512,Move,103528,3
618,522,512,Move,103537,3
617,523,512,Move,103547,3
615,524,512,Move,103557,3
613,526,512,Move,103567,3
611,527,512,Move,103577,3
607,528,512,Move,103587,3
605,530,512,Move,103596,3
602,532,512,Move,103606,3
600,532,512,Move,103616,3
597,533,512,Move,103626,3
596,534,512,Move,103636,3
594,535,512,Move,103646,3
594,536,512,Move,103658,3
593,536,512,Move,103667,3
592,536,512,Move,103803,3
591,536,512,Move,103832,3
591,536,513,Pressed,104482,3
591,536,514,Released,104560,3
591,536,512,Move,104562,3
591,536,512,Move,104563,3
591,536,512,Move,104611,0
591,536,512,Move,104637,0
591,536,512,Move,104641,0
591,536,512,Move,104662,0
591,536,512,Move,104666,0
590,536,512,Move,105013,0
587,536,512,Move,105023,0
585,536,512,Move,105033,0
583,536,512,Move,105043,0
580,536,512,Move,105052,0
575,536,512,Move,105062,0
570,536,512,Move,105072,0
562,535,512,Move,105082,0
556,534,512,Move,105092,0
550,533,512,Move,105102,0
546,532,512,Move,105112,0
543,531,512,Move,105121,0
537,530,512,Move,105131,0
533,530,512,Move,105141,0
528,529,512,Move,105151,0
526,528,512,Move,105160,0
524,528,512,Move,105170,0
523,528,512,Move,105180,0
523,528,513,Pressed,105446,0
523,528,512,Move,105455,0
523,528,514,Released,105574,0
523,528,512,Move,105575,0
523,528,512,Move,105614,0
523,528,512,Move,105630,0
523,528,512,Move,105634,0
523,528,512,Move,105647,0
523,528,512,Move,105650,0
532,529,512,Move,106568,0
539,531,512,Move,106577,0
558,538,512,Move,106587,0
575,545,512,Move,106597,0
615,558,512,Move,106607,0
645,566,512,Move,106617,0
697,578,512,Move,106627,0
738,586,512,Move,106636,0
798,598,512,Move,106646,0
839,606,512,Move,106656,0
896,618,512,Move,106666,3
896,618,512,Move,106666,3
934,625,512,Move,106676,3
934,625,512,Move,106676,3
987,637,512,Move,106685,3
987,637,512,Move,106686,3
1019,642,512,Move,106695,3
1019,642,512,Move,106696,3
1045,645,512,Move,106705,3
1045,645,512,Move,106705,3
1080,652,512,Move,106715,3
1080,652,512,Move,106715,3
1101,655,512,Move,106725,3
1101,655,512,Move,106725,3
1128,660,512,Move,106735,3
1128,660,512,Move,106735,3
1142,662,512,Move,106744,3
1142,662,512,Move,106745,3
1155,667,512,Move,106754,3
1155,667,512,Move,106755,3
1162,669,512,Move,106764,3
1162,669,512,Move,106764,3
1168,672,512,Move,106774,0
1171,672,512,Move,106784,0
1173,673,512,Move,106794,0
1174,673,512,Move,106804,0
1174,674,512,Move,106814,0
1171,673,512,Move,106873,0
1170,673,512,Move,106902,0
1169,673,512,Move,106912,0
1167,675,512,Move,106922,0
1166,676,512,Move,106932,0
1164,678,512,Move,106941,0
1163,678,512,Move,106951,0
1162,679,512,Move,106961,3
1162,679,512,Move,106961,3
1160,680,512,Move,106971,3
1160,680,512,Move,106971,3
1160,680,512,Move,107130,3
1160,680,512,Move,107130,3
1160,680,512,Move,107143,3
1160,680,512,Move,107144,3
1160,680,512,Move,107159,3
1160,680,512,Move,107160,3
1160,680,512,Move,107180,3
1160,680,512,Move,107180,3
1160,680,512,Move,107181,3
1160,680,512,Move,107182,3
1160,680,512,Move,107182,3
1160,680,512,Move,107182,3
1160,680,512,Move,108526,3
1160,680,512,Move,108526,3
1160,680,512,Move,119427,3
1160,680,512,Move,119428,3
1160,680,512,Move,127553,3
1160,680,512,Move,127554,3
1160,680,512,Move,127559,3
1160,680,512,Move,127559,3
1160,680,512,Move,127563,3
1160,680,512,Move,127564,3
1160,680,512,Move,127569,3
1160,680,512,Move,127569,3
1160,680,512,Move,127620,3
1160,680,512,Move,127620,3
1160,680,512,Move,127621,3
1160,680,512,Move,127621,3
1160,680,512,Move,127622,3
1160,680,512,Move,127623,3
1160,680,512,Move,127623,3
1160,680,512,Move,127623,3
1160,680,512,Move,127668,3
1160,680,512,Move,127668,3
1160,680,512,Move,127669,3
1160,680,512,Move,127669,3
1160,680,512,Move,127670,3
1160,680,512,Move,127670,3
1160,680,512,Move,127671,3
1160,680,512,Move,127671,3
1160,680,512,Move,127744,3
1160,680,512,Move,127744,3
1160,680,512,Move,127745,3
1160,680,512,Move,127745,3
1160,680,512,Move,127746,3
1160,680,512,Move,127746,3
1160,680,512,Move,127746,3
1160,680,512,Move,127747,3
1160,680,512,Move,127747,3
1160,680,512,Move,127747,3
1151,673,512,Move,138120,3
1151,673,512,Move,138120,3
1145,658,512,Move,138130,3
1145,658,512,Move,138130,3
1136,638,512,Move,138139,3
1136,638,512,Move,138140,3
1130,626,512,Move,138149,3
1130,626,512,Move,138149,3
1127,607,512,Move,138159,3
1127,607,512,Move,138159,3
1126,595,512,Move,138169,3
1126,595,512,Move,138169,3
1128,577,512,Move,138179,3
1128,577,512,Move,138179,3
1132,566,512,Move,138189,3
1132,566,512,Move,138189,3
1138,555,512,Move,138198,3
1138,555,512,Move,138199,3
1144,548,512,Move,138208,3
1144,548,512,Move,138209,3
1152,543,512,Move,138218,3
1152,543,512,Move,138218,3
1159,539,512,Move,138228,3
1159,539,512,Move,138228,3
1165,536,512,Move,138238,0
1177,531,512,Move,138248,0
1185,528,512,Move,138258,0
1200,520,512,Move,138267,0
1215,516,512,Move,138277,0
1234,511,512,Move,138287,0
1243,511,512,Move,138297,0
1258,517,512,Move,138307,0
1265,522,512,Move,138317,0
1277,533,512,Move,138327,0
1279,540,512,Move,138336,0
1279,554,512,Move,138346,0
1279,564,512,Move,138356,0
1279,575,512,Move,138366,0
1278,582,512,Move,138376,0
1276,589,512,Move,138386,0
1273,596,512,Move,138395,0
1268,606,512,Move,138405,0
1265,615,512,Move,138415,0
1262,622,512,Move,138425,0
1259,632,512,Move,138435,0
1257,638,512,Move,138445,0
1255,646,512,Move,138454,0
1252,653,512,Move,138464,0
1248,662,512,Move,138474,0
1243,670,512,Move,138484,0
1235,685,512,Move,138494,0
1233,693,512,Move,138504,0
1232,708,512,Move,138514,0
1232,720,512,Move,138523,0
1232,739,512,Move,138533,0
1232,751,512,Move,138543,0
1232,770,512,Move,138553,0
1232,785,512,Move,138563,0
1232,807,512,Move,138573,0
1231,821,512,Move,138582,0
1228,835,512,Move,138592,0
1226,856,512,Move,138602,0
1226,867,512,Move,138612,0
1226,882,512,Move,138622,0
1226,891,512,Move,138632,0
1226,901,512,Move,138641,0
1226,906,512,Move,138651,0
1224,911,512,Move,138661,0
1222,913,512,Move,138671,0
1216,916,512,Move,138681,0
1212,917,512,Move,138691,0
1205,917,512,Move,138700,0
1202,917,512,Move,138710,0
1198,917,512,Move,138720,0
1196,917,512,Move,138730,0
1195,917,512,Move,138740,0
1193,917,512,Move,138750,0
1191,918,512,Move,138759,0
1190,919,512,Move,138769,0
1188,920,512,Move,138779,0
1186,922,512,Move,138789,0
1185,923,512,Move,138799,0
1182,925,512,Move,138809,0
1181,927,512,Move,138819,0
1177,929,512,Move,138828,0
1174,930,512,Move,138838,0
1169,932,512,Move,138848,0
1167,934,512,Move,138858,0
1164,935,512,Move,138868,0
1163,937,512,Move,138878,0
1163,939,512,Move,138887,0
1161,940,512,Move,138897,0
1161,943,512,Move,138907,0
1161,945,512,Move,138917,0
1161,947,512,Move,138927,0
1161,948,512,Move,138937,0
1161,950,512,Move,138946,0
1161,953,512,Move,138956,0
1161,955,512,Move,138966,0
1161,957,512,Move,138976,0
1161,960,512,Move,138986,0
1161,963,512,Move,138996,0
1161,965,512,Move,139005,0
1160,969,512,Move,139015,0
1159,971,512,Move,139025,0
1157,975,512,Move,139035,0
1156,977,512,Move,139045,0
1156,981,512,Move,139055,0
1154,983,512,Move,139065,0
1153,986,512,Move,139075,0
1153,987,512,Move,139084,0
1151,988,512,Move,139094,0
1151,989,512,Move,139124,0
1151,990,512,Move,139203,0
1151,991,512,Move,139222,0
1151,992,512,Move,139232,0
1150,993,512,Move,139242,0
1150,994,512,Move,139261,0
1150,995,512,Move,139271,0
1150,996,512,Move,139281,0
1150,998,512,Move,139291,0
1149,999,512,Move,139310,0
1149,1000,512,Move,139330,0
1149,1000,513,Pressed,139370,0
1149,1000,512,Move,139374,0
1149,1000,514,Released,139488,0
1149,1000,512,Move,139525,0
1149,1000,512,Move,139538,0
1149,1000,512,Move,139563,0
1149,1000,512,Move,139564,0
1149,1000,512,Move,139597,0
1149,1001,512,Move,139732,0
1149,1002,512,Move,139744,0
1149,1003,512,Move,139773,0
1150,1003,512,Move,139783,0
1150,1004,512,Move,139793,0
1152,1005,512,Move,139803,0
1152,1006,512,Move,139812,0
1154,1007,512,Move,139822,0
1156,1007,512,Move,139842,0
1156,1007,512,Move,139847,0
1156,1007,512,Move,139849,0
1157,1007,512,Move,139867,0
1158,1007,512,Move,139980,0
1159,1007,512,Move,139999,0
1160,1007,512,Move,140029,0
1161,1007,512,Move,140068,0
1163,1007,512,Move,140088,0
1164,1007,512,Move,140117,0
1164,1006,512,Move,140176,0
1164,1005,512,Move,140186,0
1164,1004,512,Move,140206,0
1163,1003,512,Move,140216,0
1162,1002,512,Move,140226,0
1161,1000,512,Move,140235,0
1160,999,512,Move,140245,0
1160,998,512,Move,140255,0
1158,997,512,Move,140265,0
1158,996,512,Move,140275,0
1157,996,512,Move,140285,0
1156,995,512,Move,140295,0
1154,993,512,Move,140304,0
1151,993,512,Move,140314,0
1145,990,512,Move,140324,0
1139,988,512,Move,140334,0
1129,985,160,Move,140344,0
1122,981,512,Move,140354,0
1112,980,512,Move,140363,0
1093,978,512,Move,140373,0
1079,976,512,Move,140383,0
1055,971,160,Move,140394,0
1040,969,160,Move,140403,0
1013,964,512,Move,140413,0
994,960,160,Move,140422,0
967,955,512,Move,140432,0
950,952,512,Move,140442,0
922,943,512,Move,140452,0
911,938,512,Move,140462,0
895,931,512,Move,140472,0
886,928,512,Move,140482,0
880,925,512,Move,140491,0
879,924,512,Move,140501,0
879,924,513,Pressed,140669,0
879,924,512,Move,140675,0
879,924,514,Released,140826,0
879,924,512,Move,140828,0
879,923,512,Move,140924,0
880,923,512,Move,141121,0
882,921,512,Move,141131,0
888,917,512,Move,141141,0
896,912,512,Move,141151,0
907,905,512,Move,141160,0
914,902,512,Move,141170,0
922,897,512,Move,141180,0
925,895,512,Move,141190,0
927,893,512,Move,141200,0
928,893,512,Move,141249,0
929,893,512,Move,141269,0
929,891,512,Move,141288,0
929,889,512,Move,141308,0
929,887,512,Move,141318,0
928,884,512,Move,141328,0
928,881,512,Move,141338,0
928,876,512,Move,141347,0
926,871,512,Move,141357,0
922,863,512,Move,141367,0
918,858,512,Move,141377,0
910,846,512,Move,141387,0
903,839,512,Move,141397,0
893,823,512,Move,141406,0
887,812,512,Move,141416,0
885,798,512,Move,141426,3
885,798,512,Move,141426,3
885,777,512,Move,141436,3
885,777,512,Move,141436,3
889,761,512,Move,141446,3
889,761,512,Move,141446,3
896,725,512,Move,141455,3
896,725,512,Move,141456,3
904,700,512,Move,141465,3
904,700,512,Move,141466,3
918,671,512,Move,141475,3
918,671,512,Move,141475,3
925,653,512,Move,141485,3
925,653,512,Move,141485,3
931,626,512,Move,141495,3
931,626,512,Move,141495,3
933,612,512,Move,141505,3
933,612,512,Move,141505,3
936,593,512,Move,141515,3
936,593,512,Move,141515,3
937,583,512,Move,141524,3
937,583,512,Move,141525,3
937,569,512,Move,141534,3
937,569,512,Move,141534,3
937,561,512,Move,141544,3
937,561,512,Move,141544,3
930,550,512,Move,141554,3
930,550,512,Move,141554,3
924,542,512,Move,141564,3
924,542,512,Move,141564,3
911,530,512,Move,141574,3
911,530,512,Move,141574,3
901,523,512,Move,141583,3
901,523,512,Move,141584,3
889,513,512,Move,141593,3
889,513,512,Move,141593,3
881,508,512,Move,141603,3
881,508,512,Move,141603,3
873,502,512,Move,141613,3
873,502,512,Move,141613,3
865,497,512,Move,141623,3
865,497,512,Move,141623,3
862,493,512,Move,141633,3
862,493,512,Move,141633,3
858,488,512,Move,141643,0
856,487,512,Move,141652,0
853,486,512,Move,141662,0
851,486,512,Move,141672,0
848,486,512,Move,141682,0
845,487,512,Move,141692,0
841,491,512,Move,141702,0
838,492,512,Move,141711,0
831,496,512,Move,141721,0
824,500,512,Move,141731,0
817,504,512,Move,141741,0
812,508,160,Move,141751,3
802,514,160,Move,141761,3
794,519,160,Move,141770,3
788,522,512,Move,141780,3
782,525,512,Move,141790,3
781,526,512,Move,141800,3
781,528,512,Move,141810,3
781,529,512,Move,141820,3
781,530,512,Move,141830,3
781,532,512,Move,141839,3
781,533,512,Move,141859,3
782,535,512,Move,141869,3
782,537,512,Move,141889,3
782,538,512,Move,141908,3
782,539,512,Move,141918,3
782,540,512,Move,141928,3
779,541,512,Move,141948,3
780,542,512,Move,141957,3
780,543,512,Move,141967,3
779,544,512,Move,141977,3
778,546,160,Move,141987,3
776,548,160,Move,141997,3
775,550,160,Move,142007,3
773,553,160,Move,142016,3
772,554,160,Move,142026,3
770,557,160,Move,142036,3
769,559,512,Move,142046,3
766,561,512,Move,142056,3
766,563,512,Move,142066,3
764,565,512,Move,142075,3
764,566,512,Move,142095,3
764,566,513,Pressed,142213,3
764,566,512,Move,142220,3
764,566,512,Move,142221,3
764,566,514,Released,142321,3
764,566,160,Move,142355,3
764,566,160,Move,142355,3
765,566,160,Move,142410,3
765,566,160,Move,142411,3
767,565,160,Move,142430,3
767,565,160,Move,142430,3
768,565,160,Move,142450,3
768,565,160,Move,142450,3
769,565,160,Move,142479,3
769,565,160,Move,142479,3
770,565,160,Move,142587,3
770,565,160,Move,142588,3
771,563,512,Move,142597,3
771,563,512,Move,142597,3
772,563,512,Move,142607,3
772,563,512,Move,142607,3
772,562,512,Move,142617,3
772,562,512,Move,142617,3
773,562,512,Move,142626,3
773,562,512,Move,142627,3
774,561,512,Move,142636,3
774,561,512,Move,142637,3
775,561,512,Move,142695,3
775,561,512,Move,142696,3
776,561,512,Move,142705,3
776,561,512,Move,142706,3
777,561,512,Move,142715,3
777,561,512,Move,142715,3
778,561,512,Move,142725,3
778,561,512,Move,142725,3
781,561,512,Move,142735,3
781,561,512,Move,142735,3
784,561,512,Move,142745,3
784,561,512,Move,142745,3
786,561,512,Move,142754,3
786,561,512,Move,142755,3
789,561,512,Move,142764,3
789,561,512,Move,142765,3
790,561,512,Move,142774,3
790,561,512,Move,142774,3
793,561,512,Move,142784,3
793,561,512,Move,142784,3
795,561,512,Move,142794,3
795,561,512,Move,142794,3
797,561,512,Move,142804,3
797,561,512,Move,142804,3
798,561,512,Move,142823,3
798,561,512,Move,142824,3
799,561,512,Move,142843,3
799,561,512,Move,142843,3
799,560,512,Move,142872,3
799,560,512,Move,142873,3
800,560,512,Move,142883,3
800,560,512,Move,142883,3
802,560,512,Move,142892,3
802,560,512,Move,142893,3
803,560,160,Move,142902,3
803,560,160,Move,142903,3
803,560,160,Move,142904,3
806,560,160,Move,142912,3
806,560,160,Move,142912,3
808,559,160,Move,142922,3
808,559,160,Move,142922,3
811,559,160,Move,142931,3
811,559,160,Move,142932,3
812,558,160,Move,142941,3
812,558,160,Move,142942,3
815,558,512,Move,142951,0
817,558,512,Move,142961,0
820,558,512,Move,142971,0
823,558,512,Move,142981,0
828,558,512,Move,142991,0
831,558,512,Move,143000,0
837,558,512,Move,143010,0
842,559,512,Move,143020,0
847,559,512,Move,143030,0
855,559,512,Move,143040,0
861,559,512,Move,143049,3
861,559,512,Move,143050,3
870,559,512,Move,143059,3
870,559,512,Move,143059,3
879,559,512,Move,143069,3
879,559,512,Move,143069,3
888,559,512,Move,143079,3
888,559,512,Move,143079,3
895,559,512,Move,143089,3
895,559,512,Move,143089,3
905,559,512,Move,143099,3
905,559,512,Move,143099,3
910,559,512,Move,143108,3
910,559,512,Move,143109,3
918,559,512,Move,143118,3
918,559,512,Move,143118,3
921,559,512,Move,143128,3
921,559,512,Move,143128,3
928,561,512,Move,143138,3
928,561,512,Move,143138,3
931,562,512,Move,143148,3
931,562,512,Move,143148,3
934,562,512,Move,143158,3
934,562,512,Move,143158,3
936,564,512,Move,143167,3
936,564,512,Move,143168,3
939,566,512,Move,143177,3
939,566,512,Move,143178,3
941,568,512,Move,143187,3
941,568,512,Move,143187,3
944,570,512,Move,143197,3
944,570,512,Move,143197,3
947,575,512,Move,143207,3
947,575,512,Move,143207,3
951,579,512,Move,143217,3
951,579,512,Move,143217,3
956,586,512,Move,143226,3
