timestamp,event,x,y,user,screen_width,screen_height
1490184636079,Mouse Moved,624.0,510.0,User23,1536.0,864.0
1490184636095,Mouse Moved,626.0,505.0,User23,,
1490184636095,Mouse Moved,628.0,501.0,User23,,
1490184636095,Mouse Moved,632.0,490.0,User23,,
1490184636111,Mouse Moved,638.0,480.0,User23,,
1490184636111,Mouse Moved,646.0,469.0,User23,,
1490184636111,Mouse Moved,651.0,459.0,User23,,
1490184636125,Mouse Moved,656.0,450.0,User23,,
1490184636125,Mouse Moved,662.0,443.0,User23,,
1490184636141,Mouse Moved,664.0,440.0,User23,,
1490184636141,Mouse Moved,668.0,435.0,User23,,
1490184636157,Mouse Moved,670.0,432.0,User23,,
1490184636157,Mouse Moved,672.0,431.0,User23,,
1490184636173,Mouse Moved,673.0,429.0,User23,,
1490184636937,Mouse Moved,675.0,428.0,User23,,
1490184636937,Mouse Moved,676.0,427.0,User23,,
1490184636953,Mouse Moved,677.0,427.0,User23,,
1490184636969,Mouse Moved,679.0,426.0,User23,,
1490184636969,Mouse Moved,680.0,425.0,User23,,
1490184636983,Mouse Moved,681.0,425.0,User23,,
1490184637000,Mouse Moved,682.0,424.0,User23,,
1490184637016,Mouse Moved,683.0,423.0,User23,,
1490184637016,Mouse Moved,684.0,422.0,User23,,
1490184637030,Mouse Moved,685.0,422.0,User23,,
1490184637046,Mouse Moved,686.0,421.0,User23,,
1490184637062,Mouse Moved,687.0,421.0,User23,,
1490184637062,Mouse Moved,688.0,420.0,User23,,
1490184637078,Mouse Moved,689.0,420.0,User23,,
1490184637094,Mouse Moved,690.0,419.0,User23,,
1490184637094,Mouse Moved,692.0,418.0,User23,,
1490184637108,Mouse Moved,695.0,416.0,User23,,
1490184637125,Mouse Moved,697.0,416.0,User23,,
1490184637125,Mouse Moved,701.0,414.0,User23,,
1490184637140,Mouse Moved,707.0,413.0,User23,,
1490184637155,Mouse Moved,714.0,412.0,User23,,
1490184637155,Mouse Moved,722.0,411.0,User23,,
1490184637171,Mouse Moved,726.0,411.0,User23,,
1490184637171,Mouse Moved,729.0,411.0,User23,,
1490184637187,Mouse Moved,731.0,411.0,User23,,
1490184637203,Mouse Moved,733.0,411.0,User23,,
1490184637203,Mouse Moved,734.0,411.0,User23,,
1490184637217,Mouse Moved,735.0,411.0,User23,,
1490184637233,Mouse Moved,736.0,411.0,User23,,
1490184637951,Mouse Moved,735.0,413.0,User23,,
1490184637967,Mouse Moved,734.0,417.0,User23,,
1490184637967,Mouse Moved,731.0,423.0,User23,,
1490184637997,Mouse Moved,728.0,433.0,User23,,
1490184637997,Mouse Moved,725.0,439.0,User23,,
1490184637997,Mouse Moved,722.0,445.0,User23,,
1490184638013,Mouse Moved,716.0,456.0,User23,,
1490184638013,Mouse Moved,712.0,467.0,User23,,
1490184638029,Mouse Moved,709.0,474.0,User23,,
1490184638045,Mouse Moved,706.0,482.0,User23,,
1490184638045,Mouse Moved,701.0,490.0,User23,,
1490184638061,Mouse Moved,699.0,495.0,User23,,
1490184638075,Mouse Moved,698.0,501.0,User23,,
1490184638075,Mouse Moved,695.0,512.0,User23,,
1490184638092,Mouse Moved,694.0,520.0,User23,,
1490184638108,Mouse Moved,694.0,528.0,User23,,
1490184638108,Mouse Moved,692.0,535.0,User23,,
1490184638122,Mouse Moved,692.0,541.0,User23,,
1490184638138,Mouse Moved,692.0,544.0,User23,,
1490184638138,Mouse Moved,692.0,545.0,User23,,
1490184638154,Mouse Moved,692.0,547.0,User23,,
1490184638170,Mouse Moved,691.0,548.0,User23,,
1490184638170,Mouse Moved,691.0,550.0,User23,,
1490184638404,Mouse Moved,693.0,550.0,User23,,
1490184638404,Mouse Moved,696.0,550.0,User23,,
1490184638420,Mouse Moved,699.0,549.0,User23,,
1490184638434,Mouse Moved,703.0,547.0,User23,,
1490184638434,Mouse Moved,706.0,546.0,User23,,
1490184638450,Mouse Moved,709.0,546.0,User23,,
1490184638450,Mouse Moved,712.0,545.0,User23,,
1490184638466,Mouse Moved,718.0,544.0,User23,,
1490184638482,Mouse Moved,720.0,544.0,User23,,
1490184638482,Mouse Moved,721.0,544.0,User23,,
1490184638497,Mouse Moved,723.0,544.0,User23,,
1490184638513,Mouse Moved,724.0,544.0,User23,,
1490184638668,Mouse Moved,725.0,544.0,User23,,
1490184638746,Mouse Moved,725.0,543.0,User23,,
1490184638809,Mouse Moved,725.0,542.0,User23,,
1490184638841,Mouse Moved,725.0,541.0,User23,,
1490184638934,Mouse Moved,725.0,542.0,User23,,
1490184639153,Mouse Moved,725.0,542.0,User23,,
1490184639262,Mouse Moved,725.0,542.0,User23,,
1490184639808,Mouse Moved,725.0,542.0,User23,,
1490184639869,Mouse Moved,725.0,542.0,User23,,
1490184641039,Mouse Moved,726.0,540.0,User23,,
1490184641039,Mouse Moved,735.0,515.0,User23,,
1490184641072,Mouse Moved,740.0,496.0,User23,,
1490184641072,Mouse Moved,750.0,466.0,User23,,
1490184641086,Mouse Moved,756.0,450.0,User23,,
1490184641102,Mouse Moved,760.0,439.0,User23,,
1490184641102,Mouse Moved,762.0,432.0,User23,,
1490184641118,Mouse Moved,764.0,427.0,User23,,
1490184641118,Mouse Moved,764.0,425.0,User23,,
1490184641134,Mouse Moved,765.0,424.0,User23,,
1490184641150,Mouse Moved,765.0,423.0,User23,,
1490184641180,Mouse Moved,765.0,422.0,User23,,
1490184641196,Mouse Moved,765.0,421.0,User23,,
1490184641211,Mouse Moved,765.0,420.0,User23,,
1490184641227,Mouse Moved,765.0,418.0,User23,,
1490184641243,Mouse Moved,764.0,417.0,User23,,
1490184641243,Mouse Moved,764.0,416.0,User23,,
1490184641259,Mouse Moved,762.0,415.0,User23,,
1490184641259,Mouse Moved,761.0,413.0,User23,,
1490184641273,Mouse Moved,760.0,412.0,User23,,
1490184641289,Mouse Moved,758.0,409.0,User23,,
1490184641289,Mouse Moved,755.0,405.0,User23,,
1490184641305,Mouse Moved,753.0,403.0,User23,,
1490184641321,Mouse Moved,753.0,401.0,User23,,
1490184641321,Mouse Moved,752.0,399.0,User23,,
1490184641321,Mouse Moved,751.0,398.0,User23,,
1490184641351,Mouse Moved,751.0,397.0,User23,,
1490184641351,Mouse Moved,751.0,396.0,User23,,
1490184641368,Mouse Moved,751.0,394.0,User23,,
1490184641368,Mouse Moved,750.0,391.0,User23,,
1490184641398,Mouse Moved,749.0,388.0,User23,,
1490184641398,Mouse Moved,748.0,384.0,User23,,
1490184641414,Mouse Moved,748.0,382.0,User23,,
1490184641414,Mouse Moved,746.0,379.0,User23,,
1490184641414,Mouse Moved,745.0,376.0,User23,,
1490184641430,Mouse Moved,745.0,374.0,User23,,
1490184641446,Mouse Moved,743.0,372.0,User23,,
1490184641461,Mouse Moved,742.0,371.0,User23,,
1490184641461,Mouse Moved,742.0,368.0,User23,,
1490184641476,Mouse Moved,741.0,367.0,User23,,
1490184641476,Mouse Moved,740.0,366.0,User23,,
1490184641493,Mouse Moved,740.0,365.0,User23,,
1490184641507,Mouse Moved,739.0,365.0,User23,,
1490184641507,Mouse Moved,739.0,364.0,User23,,
1490184641539,Mouse Moved,739.0,363.0,User23,,
1490184641914,Mouse Moved,739.0,363.0,User23,,
1490184642007,Mouse Moved,739.0,363.0,User23,,
1490184645532,Mouse Moved,741.0,363.0,User23,,
1490184645563,Mouse Moved,747.0,362.0,User23,,
1490184645563,Mouse Moved,758.0,361.0,User23,,
1490184645563,Mouse Moved,774.0,361.0,User23,,
1490184645579,Mouse Moved,798.0,361.0,User23,,
1490184645595,Mouse Moved,827.0,364.0,User23,,
1490184645595,Mouse Moved,859.0,373.0,User23,,
1490184645611,Mouse Moved,891.0,381.0,User23,,
1490184645611,Mouse Moved,911.0,387.0,User23,,
1490184645627,Mouse Moved,922.0,391.0,User23,,
1490184645641,Mouse Moved,946.0,401.0,User23,,
1490184645641,Mouse Moved,953.0,405.0,User23,,
1490184645657,Mouse Moved,957.0,408.0,User23,,
1490184645674,Mouse Moved,962.0,410.0,User23,,
1490184645674,Mouse Moved,964.0,412.0,User23,,
1490184645907,Mouse Moved,966.0,412.0,User23,,
1490184645923,Mouse Moved,969.0,415.0,User23,,
1490184645938,Mouse Moved,986.0,428.0,User23,,
1490184645953,Mouse Moved,998.0,438.0,User23,,
1490184645970,Mouse Moved,1014.0,449.0,User23,,
1490184645970,Mouse Moved,1023.0,454.0,User23,,
1490184645986,Mouse Moved,1029.0,459.0,User23,,
1490184646000,Mouse Moved,1033.0,462.0,User23,,
1490184646000,Mouse Moved,1037.0,464.0,User23,,
1490184646016,Mouse Moved,1038.0,465.0,User23,,
1490184646016,Mouse Moved,1040.0,466.0,User23,,
1490184646016,Mouse Moved,1042.0,466.0,User23,,
1490184647217,Mouse Moved,1040.0,466.0,User23,,
1490184647233,Mouse Moved,1037.0,466.0,User23,,
1490184647249,Mouse Moved,1028.0,464.0,User23,,
1490184647249,Mouse Moved,1008.0,459.0,User23,,
1490184647265,Mouse Moved,978.0,449.0,User23,,
1490184647279,Mouse Moved,950.0,439.0,User23,,
1490184647279,Mouse Moved,914.0,427.0,User23,,
1490184647312,Mouse Moved,895.0,420.0,User23,,
1490184647312,Mouse Moved,863.0,404.0,User23,,
1490184647326,Mouse Moved,856.0,400.0,User23,,
1490184647342,Mouse Moved,849.0,398.0,User23,,
1490184647342,Mouse Moved,842.0,396.0,User23,,
1490184647358,Mouse Moved,837.0,395.0,User23,,
1490184647358,Mouse Moved,834.0,394.0,User23,,
1490184647374,Mouse Moved,831.0,393.0,User23,,
1490184647404,Mouse Moved,829.0,393.0,User23,,
1490184647436,Mouse Moved,828.0,393.0,User23,,
1490184647436,Mouse Moved,828.0,392.0,User23,,
1490184647436,Mouse Moved,827.0,392.0,User23,,
1490184647451,Mouse Moved,826.0,392.0,User23,,
1490184647546,Mouse Moved,825.0,392.0,User23,,
1490184647592,Mouse Moved,823.0,390.0,User23,,
1490184647592,Mouse Moved,823.0,388.0,User23,,
1490184647592,Mouse Moved,820.0,385.0,User23,,
1490184647608,Mouse Moved,819.0,382.0,User23,,
1490184647624,Mouse Moved,818.0,377.0,User23,,
1490184647624,Mouse Moved,815.0,372.0,User23,,
1490184647638,Mouse Moved,814.0,369.0,User23,,
1490184647638,Mouse Moved,813.0,367.0,User23,,
1490184647654,Mouse Moved,813.0,365.0,User23,,
1490184647654,Mouse Moved,812.0,364.0,User23,,
1490184647670,Mouse Moved,811.0,363.0,User23,,
1490184647686,Mouse Moved,811.0,362.0,User23,,
1490184647686,Mouse Moved,811.0,361.0,User23,,
1490184647701,Mouse Moved,811.0,360.0,User23,,
1490184647717,Mouse Moved,810.0,359.0,User23,,
1490184647920,Mouse Moved,808.0,358.0,User23,,
1490184647936,Mouse Moved,806.0,354.0,User23,,
1490184647936,Mouse Moved,801.0,350.0,User23,,
1490184647950,Mouse Moved,797.0,347.0,User23,,
1490184647967,Mouse Moved,794.0,343.0,User23,,
1490184647967,Mouse Moved,790.0,340.0,User23,,
1490184647967,Mouse Moved,789.0,338.0,User23,,
1490184647997,Mouse Moved,787.0,337.0,User23,,
1490184647997,Mouse Moved,786.0,335.0,User23,,
1490184647997,Mouse Moved,785.0,335.0,User23,,
1490184648013,Mouse Moved,785.0,334.0,User23,,
1490184648029,Mouse Moved,784.0,334.0,User23,,
1490184648045,Mouse Moved,784.0,333.0,User23,,
1490184648092,Mouse Moved,784.0,332.0,User23,,
1490184648107,Mouse Moved,783.0,332.0,User23,,
1490184648122,Mouse Moved,783.0,332.0,User23,,
1490184648232,Mouse Moved,783.0,332.0,User23,,
1490184649697,Mouse Moved,785.0,332.0,User23,,
1490184649713,Mouse Moved,809.0,333.0,User23,,
1490184649730,Mouse Moved,851.0,342.0,User23,,
1490184649744,Mouse Moved,930.0,353.0,User23,,
1490184649760,Mouse Moved,943.0,357.0,User23,,
1490184649776,Mouse Moved,974.0,367.0,User23,,
1490184649792,Mouse Moved,982.0,372.0,User23,,
1490184649808,Mouse Moved,991.0,376.0,User23,,
1490184649808,Mouse Moved,996.0,381.0,User23,,
1490184649822,Mouse Moved,999.0,383.0,User23,,
1490184649822,Mouse Moved,1003.0,388.0,User23,,
1490184649838,Mouse Moved,1006.0,394.0,User23,,
1490184649854,Mouse Moved,1008.0,405.0,User23,,
1490184649854,Mouse Moved,1008.0,418.0,User23,,
1490184650088,Mouse Moved,1009.0,419.0,User23,,
1490184650088,Mouse Moved,1012.0,420.0,User23,,
1490184650104,Mouse Moved,1018.0,426.0,User23,,
1490184650119,Mouse Moved,1026.0,431.0,User23,,
1490184650119,Mouse Moved,1033.0,437.0,User23,,
1490184650134,Mouse Moved,1044.0,443.0,User23,,
1490184650151,Mouse Moved,1053.0,449.0,User23,,
1490184650151,Mouse Moved,1059.0,453.0,User23,,
1490184650165,Mouse Moved,1062.0,455.0,User23,,
1490184650181,Mouse Moved,1066.0,457.0,User23,,
1490184650181,Mouse Moved,1067.0,459.0,User23,,
1490184650197,Mouse Moved,1068.0,460.0,User23,,
1490184650588,Mouse Moved,1068.0,459.0,User23,,
1490184650618,Mouse Moved,1068.0,459.0,User23,,
1490184651118,Mouse Moved,1054.0,460.0,User23,,
1490184651134,Mouse Moved,983.0,451.0,User23,,
1490184651148,Mouse Moved,952.0,446.0,User23,,
1490184651164,Mouse Moved,904.0,440.0,User23,,
1490184651180,Mouse Moved,843.0,427.0,User23,,
1490184651196,Mouse Moved,828.0,425.0,User23,,
1490184651196,Mouse Moved,809.0,421.0,User23,,
1490184651211,Mouse Moved,798.0,418.0,User23,,
1490184651226,Mouse Moved,791.0,416.0,User23,,
1490184651226,Mouse Moved,786.0,415.0,User23,,
1490184651243,Mouse Moved,783.0,415.0,User23,,
1490184651257,Mouse Moved,777.0,412.0,User23,,
1490184651257,Mouse Moved,774.0,411.0,User23,,
1490184651273,Mouse Moved,772.0,410.0,User23,,
1490184651289,Mouse Moved,770.0,409.0,User23,,
1490184651289,Mouse Moved,769.0,407.0,User23,,
1490184651476,Mouse Moved,767.0,407.0,User23,,
1490184651476,Mouse Moved,763.0,407.0,User23,,
1490184651492,Mouse Moved,761.0,407.0,User23,,
1490184651492,Mouse Moved,758.0,407.0,User23,,
1490184651507,Mouse Moved,757.0,406.0,User23,,
1490184651507,Mouse Moved,755.0,405.0,User23,,
1490184651539,Mouse Moved,754.0,405.0,User23,,
1490184651555,Mouse Moved,754.0,406.0,User23,,
1490184651664,Mouse Moved,754.0,406.0,User23,,
1490184651680,Mouse Button.left Released,754.0,406.0,User23,,
1490184652427,Mouse Moved,755.0,405.0,User23,,
1490184652444,Mouse Moved,761.0,404.0,User23,,
1490184652444,Mouse Moved,775.0,403.0,User23,,
1490184652460,Mouse Moved,794.0,401.0,User23,,
1490184652474,Mouse Moved,835.0,401.0,User23,,
1490184652474,Mouse Moved,867.0,401.0,User23,,
1490184652490,Mouse Moved,912.0,406.0,User23,,
1490184652506,Mouse Moved,965.0,415.0,User23,,
1490184652522,Mouse Moved,994.0,420.0,User23,,
1490184652538,Mouse Moved,1008.0,425.0,User23,,
1490184652538,Mouse Moved,1018.0,428.0,User23,,
1490184652552,Mouse Moved,1025.0,432.0,User23,,
1490184652552,Mouse Moved,1034.0,440.0,User23,,
1490184652569,Mouse Moved,1039.0,446.0,User23,,
1490184653302,Mouse Moved,1038.0,446.0,User23,,
1490184653302,Mouse Moved,1037.0,447.0,User23,,
1490184653318,Mouse Moved,1035.0,448.0,User23,,
1490184653318,Mouse Moved,1033.0,448.0,User23,,
1490184653332,Mouse Moved,1032.0,449.0,User23,,
1490184653332,Mouse Moved,1030.0,450.0,User23,,
1490184653348,Mouse Moved,1027.0,451.0,User23,,
1490184653364,Mouse Moved,1025.0,451.0,User23,,
1490184653364,Mouse Moved,1022.0,452.0,User23,,
1490184653380,Mouse Moved,1016.0,454.0,User23,,
1490184653395,Mouse Moved,1013.0,455.0,User23,,
1490184653395,Mouse Moved,1010.0,455.0,User23,,
1490184653411,Mouse Moved,1007.0,456.0,User23,,
1490184653427,Mouse Moved,1005.0,456.0,User23,,
1490184653427,Mouse Moved,1003.0,456.0,User23,,
1490184653427,Mouse Moved,1002.0,456.0,User23,,
1490184653457,Mouse Moved,1000.0,456.0,User23,,
1490184653457,Mouse Moved,999.0,456.0,User23,,
1490184653457,Mouse Moved,998.0,456.0,User23,,
1490184653473,Mouse Moved,997.0,456.0,User23,,
1490184653473,Mouse Moved,995.0,456.0,User23,,
1490184653489,Mouse Moved,993.0,456.0,User23,,
1490184653489,Mouse Moved,991.0,456.0,User23,,
1490184653505,Mouse Moved,989.0,456.0,User23,,
1490184653519,Mouse Moved,986.0,456.0,User23,,
1490184653519,Mouse Moved,984.0,456.0,User23,,
1490184653536,Mouse Moved,982.0,456.0,User23,,
1490184653552,Mouse Moved,979.0,457.0,User23,,
1490184653552,Mouse Moved,978.0,457.0,User23,,
1490184653566,Mouse Moved,977.0,457.0,User23,,
1490184653582,Mouse Moved,973.0,457.0,User23,,
1490184653598,Mouse Moved,971.0,458.0,User23,,
1490184653614,Mouse Moved,969.0,458.0,User23,,
1490184653630,Mouse Moved,968.0,458.0,User23,,
1490184653941,Mouse Moved,969.0,458.0,User23,,
1490184653957,Mouse Moved,971.0,458.0,User23,,
1490184653987,Mouse Moved,972.0,458.0,User23,,
1490184654019,Mouse Moved,973.0,458.0,User23,,
1490184654549,Mouse Moved,973.0,459.0,User23,,
1490184654549,Mouse Moved,972.0,459.0,User23,,
1490184654581,Mouse Moved,971.0,459.0,User23,,
1490184654581,Mouse Moved,970.0,459.0,User23,,
1490184654674,Mouse Moved,969.0,459.0,User23,,
1490184655095,Mouse Moved,968.0,459.0,User23,,
1490184655204,Mouse Moved,967.0,459.0,User23,,
1490184655220,Mouse Moved,966.0,459.0,User23,,
1490184655252,Mouse Moved,965.0,459.0,User23,,
1490184655282,Mouse Moved,964.0,459.0,User23,,
1490184655611,Mouse Moved,966.0,459.0,User23,,
1490184655625,Mouse Moved,971.0,459.0,User23,,
1490184655625,Mouse Moved,976.0,458.0,User23,,
1490184655641,Mouse Moved,983.0,457.0,User23,,
1490184655657,Mouse Moved,1001.0,457.0,User23,,
1490184655673,Mouse Moved,1007.0,457.0,User23,,
1490184655688,Mouse Moved,1013.0,457.0,User23,,
1490184655688,Mouse Moved,1017.0,458.0,User23,,
1490184655703,Mouse Moved,1020.0,459.0,User23,,
1490184655720,Mouse Moved,1021.0,459.0,User23,,
1490184655720,Mouse Moved,1023.0,459.0,User23,,
1490184657154,Mouse Moved,1023.0,459.0,User23,,
1490184657326,Mouse Moved,1023.0,459.0,User23,,
1490184658075,Mouse Moved,1023.0,459.0,User23,,
1490184674111,Mouse Moved,1023.0,459.0,User23,,
1490184675203,Mouse Moved,1024.0,459.0,User23,,
1490184675203,Mouse Moved,1025.0,459.0,User23,,
1490184675203,Mouse Moved,1026.0,459.0,User23,,
1490184675220,Mouse Moved,1028.0,458.0,User23,,
1490184675220,Mouse Moved,1031.0,456.0,User23,,
1490184675220,Mouse Moved,1033.0,455.0,User23,,
1490184675220,Mouse Moved,1036.0,454.0,User23,,
1490184675220,Mouse Moved,1039.0,452.0,User23,,
1490184675345,Mouse Moved,1042.0,451.0,User23,,
1490184675345,Mouse Moved,1045.0,450.0,User23,,
1490184675359,Mouse Moved,1047.0,450.0,User23,,
1490184675359,Mouse Moved,1048.0,449.0,User23,,
1490184675359,Mouse Moved,1049.0,449.0,User23,,
1490184675359,Mouse Moved,1050.0,449.0,User23,,
1490184675359,Mouse Moved,1051.0,449.0,User23,,
1490184675375,Mouse Moved,1052.0,449.0,User23,,
1490184675375,Mouse Moved,1052.0,450.0,User23,,
1490184675375,Mouse Moved,1053.0,451.0,User23,,
1490184675500,Mouse Moved,1054.0,453.0,User23,,
1490184675500,Mouse Moved,1054.0,454.0,User23,,
1490184675500,Mouse Moved,1055.0,456.0,User23,,
1490184675500,Mouse Moved,1056.0,460.0,User23,,
1490184675516,Mouse Moved,1056.0,464.0,User23,,
1490184675516,Mouse Moved,1056.0,471.0,User23,,
1490184675516,Mouse Moved,1056.0,476.0,User23,,
1490184675516,Mouse Moved,1055.0,480.0,User23,,
1490184675641,Mouse Moved,1053.0,485.0,User23,,
1490184675657,Mouse Moved,1051.0,488.0,User23,,
1490184675657,Mouse Moved,1048.0,493.0,User23,,
1490184675657,Mouse Moved,1044.0,497.0,User23,,
1490184675657,Mouse Moved,1039.0,501.0,User23,,
1490184675657,Mouse Moved,1035.0,504.0,User23,,
1490184675657,Mouse Moved,1032.0,505.0,User23,,
1490184675657,Mouse Moved,1029.0,507.0,User23,,
1490184675657,Mouse Moved,1028.0,507.0,User23,,
1490184675657,Mouse Moved,1026.0,507.0,User23,,
1490184675671,Mouse Moved,1025.0,507.0,User23,,
1490184675671,Mouse Moved,1023.0,507.0,User23,,
1490184675671,Mouse Moved,1022.0,506.0,User23,,
1490184675671,Mouse Moved,1022.0,503.0,User23,,
1490184675671,Mouse Moved,1022.0,494.0,User23,,
1490184675671,Mouse Moved,1024.0,477.0,User23,,
1490184675671,Mouse Moved,1028.0,463.0,User23,,
1490184675671,Mouse Moved,1031.0,455.0,User23,,
1490184675671,Mouse Moved,1034.0,449.0,User23,,
1490184675687,Mouse Moved,1035.0,446.0,User23,,
1490184675703,Mouse Moved,1036.0,444.0,User23,,
1490184675703,Mouse Moved,1037.0,443.0,User23,,
1490184675703,Mouse Moved,1038.0,442.0,User23,,
1490184675828,Mouse Moved,1039.0,441.0,User23,,
1490184675828,Mouse Moved,1040.0,441.0,User23,,
1490184675828,Mouse Moved,1041.0,441.0,User23,,
1490184675828,Mouse Moved,1042.0,441.0,User23,,
1490184675844,Mouse Moved,1043.0,441.0,User23,,
1490184675844,Mouse Moved,1044.0,441.0,User23,,
1490184675844,Mouse Moved,1047.0,445.0,User23,,
1490184675844,Mouse Moved,1049.0,451.0,User23,,
1490184675844,Mouse Moved,1053.0,460.0,User23,,
1490184675859,Mouse Moved,1054.0,464.0,User23,,
1490184675859,Mouse Moved,1055.0,467.0,User23,,
1490184675859,Mouse Moved,1056.0,470.0,User23,,
1490184675859,Mouse Moved,1056.0,471.0,User23,,
1490184675921,Mouse Moved,1056.0,473.0,User23,,
1490184675921,Mouse Moved,1056.0,474.0,User23,,
1490184675953,Mouse Moved,1056.0,475.0,User23,,
1490184676000,Mouse Moved,1056.0,476.0,User23,,
1490184676155,Mouse Moved,1055.0,476.0,User23,,
1490184676280,Mouse Moved,1055.0,476.0,User23,,
1490184677061,Mouse Moved,1055.0,476.0,User23,,
1490184677138,Mouse Moved,1055.0,476.0,User23,,
1490184677295,Mouse Moved,1055.0,476.0,User23,,
1490184677888,Mouse Moved,1055.0,476.0,User23,,
1490184677950,Mouse Moved,1055.0,476.0,User23,,
1490184677996,Mouse Moved,1055.0,476.0,User23,,
1490184678963,Mouse Moved,1055.0,476.0,User23,,
1490184679058,Mouse Moved,1055.0,476.0,User23,,
1490184679135,Mouse Moved,1055.0,476.0,User23,,
1490184679259,Mouse Moved,1055.0,476.0,User23,,
1490184679415,Mouse Moved,1055.0,476.0,User23,,
1490184679588,Mouse Moved,1055.0,476.0,User23,,
1490184680102,Mouse Moved,1055.0,476.0,User23,,
1490184680196,Mouse Moved,1055.0,476.0,User23,,
1490184680461,Mouse Moved,1055.0,476.0,User23,,
1490184680882,Mouse Moved,1055.0,476.0,User23,,
1490184680898,Mouse Moved,1055.0,476.0,User23,,
1490184680930,Mouse Moved,1055.0,476.0,User23,,
1490184680944,Mouse Moved,1055.0,476.0,User23,,
1490184680960,Mouse Moved,1055.0,476.0,User23,,
1490184680992,Mouse Moved,1055.0,476.0,User23,,
1490184681023,Mouse Moved,1055.0,476.0,User23,,
1490184681053,Mouse Moved,1055.0,476.0,User23,,
1490184681085,Mouse Moved,1055.0,476.0,User23,,
1490184681131,Mouse Moved,1055.0,476.0,User23,,
1490184681506,Mouse Moved,1055.0,476.0,User23,,
1490184681522,Mouse Moved,1055.0,476.0,User23,,
1490184681538,Mouse Scrolled (0 1),1055.0,476.0,User23,,
1490184681553,Mouse Moved,1055.0,476.0,User23,,
1490184681569,Mouse Moved,1055.0,476.0,User23,,
1490184681585,Mouse Moved,1055.0,476.0,User23,,
1490184682036,Mouse Moved,1054.0,476.0,User23,,
1490184682052,Mouse Moved,1049.0,476.0,User23,,
1490184682068,Mouse Moved,1042.0,474.0,User23,,
1490184682068,Mouse Moved,1027.0,470.0,User23,,
1490184682084,Mouse Moved,1010.0,465.0,User23,,
1490184682099,Mouse Moved,989.0,461.0,User23,,
1490184682099,Mouse Moved,966.0,452.0,User23,,
1490184682115,Mouse Moved,952.0,447.0,User23,,
1490184682131,Mouse Moved,935.0,442.0,User23,,
1490184682131,Mouse Moved,926.0,438.0,User23,,
1490184682145,Mouse Moved,915.0,435.0,User23,,
1490184682145,Mouse Moved,908.0,433.0,User23,,
1490184682161,Mouse Moved,902.0,432.0,User23,,
1490184682177,Mouse Moved,896.0,430.0,User23,,
1490184682177,Mouse Moved,890.0,428.0,User23,,
1490184682193,Mouse Moved,887.0,426.0,User23,,
1490184682209,Mouse Moved,886.0,425.0,User23,,
1490184682209,Mouse Moved,883.0,425.0,User23,,
1490184682223,Mouse Moved,879.0,423.0,User23,,
1490184682240,Mouse Moved,877.0,422.0,User23,,
1490184682240,Mouse Moved,874.0,420.0,User23,,
1490184682256,Mouse Moved,869.0,417.0,User23,,
1490184682256,Mouse Moved,863.0,414.0,User23,,
1490184682270,Mouse Moved,859.0,411.0,User23,,
1490184682286,Mouse Moved,854.0,410.0,User23,,
1490184682286,Mouse Moved,852.0,409.0,User23,,
1490184682286,Mouse Moved,851.0,407.0,User23,,
1490184682302,Mouse Moved,849.0,407.0,User23,,
1490184682318,Mouse Moved,848.0,405.0,User23,,
1490184682318,Mouse Moved,846.0,404.0,User23,,
1490184682348,Mouse Moved,843.0,401.0,User23,,
1490184682348,Mouse Moved,842.0,398.0,User23,,
1490184682348,Mouse Moved,840.0,396.0,User23,,
1490184682365,Mouse Moved,839.0,395.0,User23,,
1490184682365,Mouse Moved,839.0,394.0,User23,,
1490184682380,Mouse Moved,838.0,394.0,User23,,
1490184682395,Mouse Moved,838.0,393.0,User23,,
1490184682411,Mouse Moved,837.0,392.0,User23,,
1490184682427,Mouse Moved,836.0,390.0,User23,,
1490184682427,Mouse Moved,834.0,388.0,User23,,
1490184682443,Mouse Moved,832.0,384.0,User23,,
1490184682443,Mouse Moved,830.0,378.0,User23,,
1490184682457,Mouse Moved,828.0,367.0,User23,,
1490184682473,Mouse Moved,824.0,356.0,User23,,
1490184682473,Mouse Moved,823.0,347.0,User23,,
1490184682490,Mouse Moved,822.0,339.0,User23,,
1490184682505,Mouse Moved,821.0,330.0,User23,,
1490184682505,Mouse Moved,820.0,326.0,User23,,
1490184682520,Mouse Moved,820.0,325.0,User23,,
1490184682536,Mouse Moved,819.0,323.0,User23,,
1490184682536,Mouse Moved,818.0,319.0,User23,,
1490184682552,Mouse Moved,817.0,318.0,User23,,
1490184682568,Mouse Moved,816.0,317.0,User23,,
1490184682598,Mouse Moved,816.0,316.0,User23,,
1490184682691,Mouse Moved,816.0,317.0,User23,,
1490184682816,Mouse Moved,816.0,317.0,User23,,
1490184683066,Mouse Moved,817.0,316.0,User23,,
1490184683082,Mouse Moved,820.0,317.0,User23,,
1490184683082,Mouse Moved,843.0,327.0,User23,,
1490184683098,Mouse Moved,863.0,335.0,User23,,
1490184683128,Mouse Moved,897.0,347.0,User23,,
1490184683128,Mouse Moved,957.0,370.0,User23,,
1490184683144,Mouse Moved,1024.0,409.0,User23,,
1490184683160,Mouse Moved,1048.0,424.0,User23,,
1490184683176,Mouse Moved,1081.0,446.0,User23,,
1490184684236,Mouse Moved,1081.0,445.0,User23,,
1490184684252,Mouse Moved,1081.0,445.0,User23,,
1490184684267,Mouse Scrolled (0 -1),1081.0,445.0,User23,,
1490184684315,Mouse Moved,1081.0,445.0,User23,,
1490184684407,Mouse Moved,1081.0,445.0,User23,,
1490184687371,Mouse Moved,1080.0,446.0,User23,,
1490184687418,Mouse Moved,1079.0,446.0,User23,,
1490184692240,Mouse Moved,1079.0,445.0,User23,,
1490184693658,Mouse Moved,1077.0,446.0,User23,,
1490184693674,Mouse Moved,1055.0,447.0,User23,,
1490184693690,Mouse Moved,990.0,447.0,User23,,
1490184693706,Mouse Moved,951.0,444.0,User23,,
1490184693721,Mouse Moved,864.0,431.0,User23,,
1490184693736,Mouse Moved,823.0,420.0,User23,,
1490184693753,Mouse Moved,794.0,413.0,User23,,
1490184693753,Mouse Moved,767.0,407.0,User23,,
1490184693767,Mouse Moved,755.0,401.0,User23,,
1490184693783,Mouse Moved,744.0,397.0,User23,,
1490184693783,Mouse Moved,738.0,393.0,User23,,
1490184693799,Mouse Moved,732.0,389.0,User23,,
1490184693815,Mouse Moved,727.0,387.0,User23,,
1490184693815,Mouse Moved,725.0,386.0,User23,,
1490184693831,Mouse Moved,725.0,385.0,User23,,
1490184693831,Mouse Moved,723.0,384.0,User23,,
1490184693845,Mouse Moved,723.0,383.0,User23,,
1490184693861,Mouse Moved,722.0,383.0,User23,,
1490184693861,Mouse Moved,722.0,381.0,User23,,
1490184694079,Mouse Moved,723.0,379.0,User23,,
1490184694095,Mouse Moved,724.0,378.0,User23,,
1490184694111,Mouse Moved,727.0,375.0,User23,,
1490184694111,Mouse Moved,731.0,370.0,User23,,
1490184694127,Mouse Moved,735.0,363.0,User23,,
1490184694127,Mouse Moved,738.0,358.0,User23,,
1490184694142,Mouse Moved,740.0,356.0,User23,,
1490184694157,Mouse Moved,741.0,353.0,User23,,
1490184694174,Mouse Moved,741.0,352.0,User23,,
1490184694190,Mouse Moved,742.0,352.0,User23,,
1490184694220,Mouse Moved,742.0,351.0,User23,,
1490184694252,Mouse Moved,742.0,350.0,User23,,
1490184694267,Mouse Moved,742.0,349.0,User23,,
1490184694267,Mouse Moved,742.0,348.0,User23,,
1490184694282,Mouse Moved,742.0,345.0,User23,,
1490184694299,Mouse Moved,740.0,343.0,User23,,
1490184694299,Mouse Moved,739.0,342.0,User23,,
1490184694313,Mouse Moved,735.0,339.0,User23,,
1490184694329,Mouse Moved,734.0,338.0,User23,,
1490184694329,Mouse Moved,733.0,336.0,User23,,
1490184694345,Mouse Moved,731.0,336.0,User23,,
1490184694361,Mouse Moved,731.0,335.0,User23,,
1490184694361,Mouse Moved,729.0,334.0,User23,,
1490184694377,Mouse Moved,729.0,333.0,User23,,
1490184694377,Mouse Moved,728.0,333.0,User23,,
1490184694407,Mouse Moved,728.0,332.0,User23,,
1490184694424,Mouse Moved,727.0,332.0,User23,,
1490184694798,Mouse Moved,725.0,333.0,User23,,
1490184694828,Mouse Moved,722.0,334.0,User23,,
1490184694828,Mouse Moved,706.0,334.0,User23,,
1490184694845,Mouse Moved,698.0,331.0,User23,,
1490184694859,Mouse Moved,670.0,319.0,User23,,
1490184694875,Mouse Moved,659.0,315.0,User23,,
1490184694891,Mouse Moved,625.0,297.0,User23,,
1490184694907,Mouse Moved,601.0,285.0,User23,,
1490184694923,Mouse Moved,589.0,278.0,User23,,
1490184694937,Mouse Moved,580.0,273.0,User23,,
1490184694937,Mouse Moved,573.0,270.0,User23,,
1490184694953,Mouse Moved,567.0,268.0,User23,,
1490184694970,Mouse Moved,562.0,266.0,User23,,
1490184694970,Mouse Moved,559.0,264.0,User23,,
1490184694984,Mouse Moved,557.0,263.0,User23,,
1490184695203,Mouse Moved,554.0,263.0,User23,,
1490184695219,Mouse Moved,547.0,263.0,User23,,
1490184695219,Mouse Moved,538.0,263.0,User23,,
1490184695219,Mouse Moved,521.0,261.0,User23,,
1490184695234,Mouse Moved,508.0,260.0,User23,,
1490184695234,Mouse Moved,494.0,257.0,User23,,
1490184695250,Mouse Moved,481.0,254.0,User23,,
1490184695266,Mouse Moved,467.0,249.0,User23,,
1490184695266,Mouse Moved,457.0,244.0,User23,,
1490184695282,Mouse Moved,450.0,239.0,User23,,
1490184695296,Mouse Moved,443.0,235.0,User23,,
1490184695296,Mouse Moved,439.0,231.0,User23,,
1490184695312,Mouse Moved,434.0,226.0,User23,,
1490184695312,Mouse Moved,430.0,221.0,User23,,
1490184695328,Mouse Moved,427.0,209.0,User23,,
1490184695344,Mouse Moved,426.0,206.0,User23,,
1490184695546,Mouse Moved,424.0,205.0,User23,,
1490184695562,Mouse Moved,420.0,203.0,User23,,
1490184695562,Mouse Moved,413.0,199.0,User23,,
1490184695578,Mouse Moved,410.0,197.0,User23,,
1490184695594,Mouse Moved,404.0,193.0,User23,,
1490184695608,Mouse Moved,400.0,189.0,User23,,
1490184695625,Mouse Moved,399.0,188.0,User23,,
1490184695640,Mouse Moved,397.0,188.0,User23,,
1490184695640,Mouse Moved,397.0,187.0,User23,,
1490184695671,Mouse Moved,397.0,186.0,User23,,
1490184695687,Mouse Moved,396.0,186.0,User23,,
1490184695733,Mouse Moved,397.0,186.0,User23,,
1490184695842,Mouse Moved,397.0,186.0,User23,,
1490184696608,Mouse Moved,398.0,188.0,User23,,
1490184696622,Mouse Moved,402.0,191.0,User23,,
1490184696622,Mouse Moved,417.0,201.0,User23,,
1490184696638,Mouse Moved,449.0,221.0,User23,,
1490184696654,Mouse Moved,489.0,240.0,User23,,
1490184696654,Mouse Moved,525.0,256.0,User23,,
1490184696670,Mouse Moved,562.0,277.0,User23,,
1490184696670,Mouse Moved,596.0,293.0,User23,,
1490184696686,Mouse Moved,631.0,315.0,User23,,
1490184696700,Mouse Moved,652.0,323.0,User23,,
1490184696700,Mouse Moved,671.0,329.0,User23,,
1490184696717,Mouse Moved,690.0,334.0,User23,,
1490184696732,Mouse Moved,700.0,339.0,User23,,
1490184696732,Mouse Moved,703.0,339.0,User23,,
1490184706497,Mouse Moved,700.0,339.0,User23,,
1490184706513,Mouse Moved,695.0,340.0,User23,,
1490184706513,Mouse Moved,683.0,340.0,User23,,
1490184706529,Mouse Moved,656.0,340.0,User23,,
1490184706545,Mouse Moved,615.0,337.0,User23,,
1490184706559,Mouse Moved,576.0,331.0,User23,,
1490184706559,Mouse Moved,538.0,322.0,User23,,
1490184706575,Mouse Moved,511.0,314.0,User23,,
1490184706575,Mouse Moved,478.0,302.0,User23,,
1490184706592,Mouse Moved,463.0,296.0,User23,,
1490184706592,Mouse Moved,452.0,290.0,User23,,
1490184706607,Mouse Moved,444.0,287.0,User23,,
1490184706622,Mouse Moved,440.0,286.0,User23,,
1490184706638,Mouse Moved,437.0,284.0,User23,,
1490184706638,Mouse Moved,434.0,283.0,User23,,
1490184706654,Mouse Moved,433.0,282.0,User23,,
1490184706670,Mouse Moved,433.0,281.0,User23,,
1490184706684,Mouse Moved,433.0,278.0,User23,,
1490184706684,Mouse Moved,433.0,276.0,User23,,
1490184706700,Mouse Moved,439.0,272.0,User23,,
1490184706857,Mouse Moved,437.0,272.0,User23,,
1490184706871,Mouse Moved,429.0,272.0,User23,,
1490184706871,Mouse Moved,416.0,272.0,User23,,
1490184706871,Mouse Moved,408.0,273.0,User23,,
1490184706888,Mouse Moved,401.0,274.0,User23,,
1490184706904,Mouse Moved,393.0,275.0,User23,,
1490184706904,Mouse Moved,386.0,275.0,User23,,
1490184706918,Mouse Moved,379.0,276.0,User23,,
1490184706918,Mouse Moved,374.0,276.0,User23,,
1490184706934,Mouse Moved,368.0,277.0,User23,,
1490184706950,Mouse Moved,364.0,278.0,User23,,
1490184706950,Mouse Moved,358.0,279.0,User23,,
1490184706966,Mouse Moved,355.0,279.0,User23,,
1490184706982,Mouse Moved,352.0,279.0,User23,,
1490184706982,Mouse Moved,351.0,279.0,User23,,
1490184706996,Mouse Moved,350.0,279.0,User23,,
1490184706996,Mouse Moved,349.0,279.0,User23,,
1490184707059,Mouse Moved,350.0,275.0,User23,,
1490184707309,Mouse Moved,352.0,275.0,User23,,
1490184707325,Mouse Moved,354.0,275.0,User23,,
1490184707339,Mouse Moved,356.0,275.0,User23,,
1490184707339,Mouse Moved,358.0,275.0,User23,,
1490184707355,Mouse Moved,362.0,275.0,User23,,
1490184707355,Mouse Moved,365.0,275.0,User23,,
1490184707371,Mouse Moved,367.0,276.0,User23,,
1490184707387,Mouse Moved,368.0,276.0,User23,,
1490184707387,Mouse Moved,369.0,276.0,User23,,
1490184707403,Mouse Moved,370.0,276.0,User23,,
1490184707434,Mouse Moved,371.0,276.0,User23,,
1490184707637,Mouse Moved,371.0,276.0,User23,,
1490184708244,Mouse Moved,377.0,276.0,User23,,
1490184708260,Mouse Moved,407.0,276.0,User23,,
1490184708276,Mouse Moved,473.0,289.0,User23,,
1490184708276,Mouse Moved,534.0,297.0,User23,,
1490184708292,Mouse Moved,623.0,317.0,User23,,
1490184708308,Mouse Moved,699.0,347.0,User23,,
1490184708308,Mouse Moved,771.0,380.0,User23,,
1490184708322,Mouse Moved,823.0,402.0,User23,,
1490184708338,Mouse Moved,852.0,417.0,User23,,
1490184708338,Mouse Moved,873.0,429.0,User23,,
1490184708354,Mouse Moved,903.0,450.0,User23,,
1490184708369,Mouse Moved,908.0,455.0,User23,,
1490184708385,Mouse Moved,911.0,457.0,User23,,
1490184708556,Mouse Moved,913.0,459.0,User23,,
1490184708572,Mouse Moved,915.0,461.0,User23,,
1490184708572,Mouse Moved,917.0,463.0,User23,,
1490184708588,Mouse Moved,919.0,465.0,User23,,
1490184708604,Mouse Moved,920.0,466.0,User23,,
1490184708604,Mouse Moved,921.0,468.0,User23,,
1490184708619,Mouse Moved,922.0,469.0,User23,,
1490184708619,Mouse Moved,922.0,470.0,User23,,
1490184708634,Mouse Moved,922.0,472.0,User23,,
1490184708651,Mouse Moved,922.0,479.0,User23,,
1490184708651,Mouse Moved,922.0,483.0,User23,,
1490184708665,Mouse Moved,922.0,485.0,User23,,
1490184708681,Mouse Moved,917.0,492.0,User23,,
1490184708697,Mouse Moved,915.0,493.0,User23,,
1490184708713,Mouse Moved,913.0,495.0,User23,,
1490184708713,Mouse Moved,912.0,496.0,User23,,
1490184708729,Mouse Moved,910.0,497.0,User23,,
1490184708759,Mouse Moved,908.0,498.0,User23,,
1490184708759,Mouse Moved,907.0,498.0,User23,,
1490184708776,Mouse Moved,907.0,499.0,User23,,
1490184708790,Mouse Moved,906.0,499.0,User23,,
1490184708931,Mouse Moved,908.0,496.0,User23,,
1490184708947,Mouse Moved,916.0,491.0,User23,,
1490184708947,Mouse Moved,927.0,487.0,User23,,
1490184708963,Mouse Moved,938.0,482.0,User23,,
1490184708977,Mouse Moved,945.0,481.0,User23,,
1490184708977,Mouse Moved,952.0,480.0,User23,,
1490184708993,Mouse Moved,958.0,480.0,User23,,
1490184709009,Mouse Moved,962.0,480.0,User23,,
1490184709009,Mouse Moved,967.0,480.0,User23,,
1490184709025,Mouse Moved,969.0,481.0,User23,,
1490184709025,Mouse Moved,970.0,481.0,User23,,
1490184709040,Mouse Moved,971.0,482.0,User23,,
1490184709055,Mouse Moved,972.0,482.0,User23,,
1490184709055,Mouse Moved,973.0,482.0,User23,,
1490184709118,Mouse Moved,974.0,482.0,User23,,
1490184709197,Mouse Moved,974.0,483.0,User23,,
1490184709243,Mouse Moved,974.0,484.0,User23,,
1490184709305,Mouse Moved,974.0,485.0,User23,,
1490184709352,Mouse Moved,975.0,485.0,User23,,
1490184709368,Mouse Moved,975.0,486.0,User23,,
1490184709384,Mouse Moved,975.0,487.0,User23,,
1490184709446,Mouse Moved,974.0,486.0,User23,,
1490184712940,Mouse Moved,971.0,487.0,User23,,
1490184712956,Mouse Moved,968.0,487.0,User23,,
1490184712971,Mouse Moved,959.0,484.0,User23,,
1490184712987,Mouse Moved,953.0,482.0,User23,,
1490184713003,Mouse Moved,946.0,478.0,User23,,
1490184713003,Mouse Moved,940.0,474.0,User23,,
1490184713019,Mouse Moved,929.0,465.0,User23,,
1490184713019,Mouse Moved,920.0,459.0,User23,,
1490184713033,Mouse Moved,911.0,451.0,User23,,
1490184713049,Mouse Moved,904.0,443.0,User23,,
1490184713049,Mouse Moved,895.0,435.0,User23,,
1490184713065,Mouse Moved,887.0,428.0,User23,,
1490184713081,Mouse Moved,883.0,422.0,User23,,
1490184713081,Mouse Moved,876.0,413.0,User23,,
1490184713096,Mouse Moved,870.0,406.0,User23,,
1490184713111,Mouse Moved,867.0,402.0,User23,,
1490184713111,Mouse Moved,864.0,395.0,User23,,
1490184713111,Mouse Moved,862.0,393.0,User23,,
1490184713392,Mouse Moved,861.0,393.0,User23,,
1490184713408,Mouse Moved,859.0,393.0,User23,,
1490184713408,Mouse Moved,857.0,394.0,User23,,
1490184713424,Mouse Moved,854.0,395.0,User23,,
1490184713424,Mouse Moved,846.0,395.0,User23,,
1490184713440,Mouse Moved,839.0,395.0,User23,,
1490184713456,Mouse Moved,832.0,396.0,User23,,
1490184713456,Mouse Moved,823.0,396.0,User23,,
1490184713470,Mouse Moved,815.0,396.0,User23,,
1490184713486,Mouse Moved,810.0,396.0,User23,,
1490184713486,Mouse Moved,806.0,396.0,User23,,
1490184713502,Mouse Moved,803.0,396.0,User23,,
1490184713502,Mouse Moved,801.0,396.0,User23,,
1490184713517,Mouse Moved,800.0,396.0,User23,,
1490184713517,Mouse Moved,798.0,395.0,User23,,
1490184713533,Mouse Moved,797.0,394.0,User23,,
1490184713533,Mouse Moved,796.0,393.0,User23,,
1490184713549,Mouse Moved,795.0,392.0,User23,,
1490184713595,Mouse Moved,793.0,392.0,User23,,
1490184713595,Mouse Moved,793.0,391.0,User23,,
1490184713657,Mouse Moved,793.0,391.0,User23,,
1490184713938,Mouse Moved,792.0,390.0,User23,,
1490184713954,Mouse Moved,791.0,389.0,User23,,
1490184713970,Mouse Moved,788.0,385.0,User23,,
1490184713986,Mouse Moved,783.0,378.0,User23,,
1490184714002,Mouse Moved,782.0,376.0,User23,,
1490184714016,Mouse Moved,777.0,371.0,User23,,
1490184714032,Mouse Moved,776.0,370.0,User23,,
1490184714048,Mouse Moved,774.0,368.0,User23,,
1490184714063,Mouse Moved,773.0,367.0,User23,,
1490184714079,Mouse Moved,772.0,366.0,User23,,
1490184714125,Mouse Moved,771.0,365.0,User23,,
1490184714173,Mouse Moved,772.0,365.0,User23,,
1490184714266,Mouse Moved,772.0,365.0,User23,,
1490184717230,Mouse Moved,771.0,365.0,User23,,
1490184717246,Mouse Moved,770.0,365.0,User23,,
1490184717262,Mouse Moved,768.0,365.0,User23,,
1490184717278,Mouse Moved,767.0,365.0,User23,,
1490184717292,Mouse Moved,762.0,369.0,User23,,
1490184717309,Mouse Moved,759.0,372.0,User23,,
1490184717323,Mouse Moved,755.0,377.0,User23,,
1490184717339,Mouse Moved,753.0,379.0,User23,,
1490184717355,Mouse Moved,751.0,382.0,User23,,
1490184717371,Mouse Moved,750.0,384.0,User23,,
1490184717387,Mouse Moved,749.0,385.0,User23,,
1490184717417,Mouse Moved,749.0,386.0,User23,,
1490184717417,Mouse Moved,748.0,387.0,User23,,
1490184717434,Mouse Moved,748.0,388.0,User23,,
1490184717480,Mouse Moved,748.0,390.0,User23,,
1490184717542,Mouse Moved,748.0,391.0,User23,,
1490184717605,Mouse Moved,748.0,390.0,User23,,
1490184717730,Mouse Moved,748.0,390.0,User23,,
1490184719351,Mouse Moved,750.0,391.0,User23,,
1490184719368,Mouse Moved,800.0,382.0,User23,,
1490184719368,Mouse Moved,850.0,379.0,User23,,
1490184719384,Mouse Moved,947.0,379.0,User23,,
1490184719398,Mouse Moved,1003.0,384.0,User23,,
1490184719414,Mouse Moved,1077.0,400.0,User23,,
1490184719430,Mouse Moved,1109.0,405.0,User23,,
1490184719446,Mouse Moved,1123.0,410.0,User23,,
1490184719789,Mouse Moved,1122.0,410.0,User23,,
1490184719805,Mouse Scrolled (0 -1),1122.0,410.0,User23,,
1490184719819,Mouse Moved,1122.0,410.0,User23,,
1490184719835,Mouse Moved,1122.0,410.0,User23,,
1490184719851,Mouse Moved,1122.0,410.0,User23,,
1490184719867,Mouse Moved,1122.0,410.0,User23,,
1490184719898,Mouse Moved,1122.0,410.0,User23,,
1490184719930,Mouse Moved,1122.0,410.0,User23,,
1490184724125,Mouse Moved,1122.0,410.0,User23,,
1490184724532,Mouse Moved,1122.0,410.0,User23,,
1490184725092,Mouse Moved,1122.0,410.0,User23,,
1490184729134,Mouse Moved,1122.0,410.0,User23,,
1490184729148,Mouse Moved,1122.0,410.0,User23,,
1490184729211,Mouse Moved,1122.0,410.0,User23,,
1490184729430,Mouse Moved,1122.0,410.0,User23,,
1490184729710,Mouse Moved,1122.0,410.0,User23,,
1490184729773,Mouse Moved,1122.0,410.0,User23,,
1490184729881,Mouse Moved,1122.0,410.0,User23,,
1490184729898,Mouse Scrolled (0 -1),1122.0,410.0,User23,,
1490184730053,Mouse Moved,1122.0,410.0,User23,,
1490184730178,Mouse Moved,1122.0,410.0,User23,,
1490184730552,Mouse Moved,1122.0,410.0,User23,,
1490184730569,Mouse Moved,1122.0,410.0,User23,,
1490184730599,Mouse Moved,1122.0,410.0,User23,,
1490184730631,Mouse Moved,1122.0,410.0,User23,,
1490184730647,Mouse Moved,1122.0,410.0,User23,,
1490184730677,Mouse Moved,1122.0,410.0,User23,,
1490184730694,Mouse Moved,1122.0,410.0,User23,,
1490184730724,Mouse Moved,1122.0,410.0,User23,,
1490184730740,Mouse Moved,1122.0,410.0,User23,,
1490184730772,Mouse Moved,1122.0,410.0,User23,,
1490184730834,Mouse Moved,1122.0,410.0,User23,,
1490184730895,Mouse Moved,1122.0,410.0,User23,,
1490184730943,Mouse Moved,1122.0,410.0,User23,,
1490184739351,Mouse Moved,1122.0,410.0,User23,,
1490184739444,Mouse Moved,1122.0,410.0,User23,,
1490184739664,Mouse Moved,1122.0,410.0,User23,,
1490184739678,Mouse Scrolled (0 -1),1122.0,410.0,User23,,
1490184739788,Mouse Moved,1122.0,410.0,User23,,
1490184739803,Mouse Scrolled (0 -1),1122.0,410.0,User23,,
1490184740177,Mouse Moved,1122.0,410.0,User23,,
1490184740194,Mouse Moved,1122.0,410.0,User23,,
1490184740319,Mouse Moved,1122.0,410.0,User23,,
1490184740334,Mouse Scrolled (0 -1),1122.0,410.0,User23,,
1490184741082,Mouse Moved,1122.0,410.0,User23,,
1490184741114,Mouse Moved,1122.0,410.0,User23,,
1490184741239,Mouse Moved,1122.0,410.0,User23,,
1490184741255,Mouse Moved,1122.0,410.0,User23,,
1490184741566,Mouse Moved,1118.0,410.0,User23,,
1490184741566,Mouse Moved,1110.0,410.0,User23,,
1490184741566,Mouse Moved,1096.0,410.0,User23,,
1490184741566,Mouse Moved,1076.0,411.0,User23,,
1490184741582,Mouse Moved,1041.0,411.0,User23,,
1490184741582,Mouse Moved,1013.0,413.0,User23,,
1490184741691,Mouse Moved,988.0,413.0,User23,,
1490184741691,Mouse Moved,956.0,413.0,User23,,
1490184741707,Mouse Moved,932.0,410.0,User23,,
1490184741707,Mouse Moved,911.0,406.0,User23,,
1490184741707,Mouse Moved,893.0,402.0,User23,,
1490184741707,Mouse Moved,882.0,400.0,User23,,
1490184741723,Mouse Moved,869.0,397.0,User23,,
1490184741723,Mouse Moved,865.0,395.0,User23,,
1490184741723,Mouse Moved,860.0,393.0,User23,,
1490184741723,Mouse Moved,858.0,390.0,User23,,
1490184741723,Mouse Moved,852.0,382.0,User23,,
1490184741940,Mouse Moved,851.0,382.0,User23,,
1490184741957,Mouse Moved,848.0,380.0,User23,,
1490184741957,Mouse Moved,843.0,376.0,User23,,
1490184741957,Mouse Moved,836.0,372.0,User23,,
1490184741971,Mouse Moved,827.0,365.0,User23,,
1490184741987,Mouse Moved,820.0,359.0,User23,,
1490184741987,Mouse Moved,813.0,353.0,User23,,
1490184742003,Mouse Moved,809.0,349.0,User23,,
1490184742003,Mouse Moved,805.0,346.0,User23,,
1490184742019,Mouse Moved,803.0,344.0,User23,,
1490184742035,Mouse Moved,801.0,342.0,User23,,
1490184742035,Mouse Moved,797.0,339.0,User23,,
1490184742049,Mouse Moved,795.0,338.0,User23,,
1490184742049,Mouse Moved,794.0,336.0,User23,,
1490184742065,Mouse Moved,793.0,336.0,User23,,
1490184742082,Mouse Moved,792.0,335.0,User23,,
1490184742082,Mouse Moved,792.0,334.0,User23,,
1490184742112,Mouse Moved,790.0,333.0,User23,,
1490184742144,Mouse Moved,789.0,332.0,User23,,
1490184742174,Mouse Moved,789.0,331.0,User23,,
1490184742221,Mouse Moved,788.0,330.0,User23,,
1490184742346,Mouse Moved,789.0,330.0,User23,,
1490184742456,Mouse Moved,789.0,330.0,User23,,
1490184742892,Mouse Moved,787.0,330.0,User23,,
1490184742907,Mouse Moved,782.0,330.0,User23,,
1490184742924,Mouse Moved,755.0,337.0,User23,,
1490184742940,Mouse Moved,724.0,339.0,User23,,
1490184742954,Mouse Moved,648.0,339.0,User23,,
1490184742970,Mouse Moved,598.0,328.0,User23,,
1490184742986,Mouse Moved,577.0,318.0,User23,,
1490184743002,Mouse Moved,545.0,306.0,User23,,
1490184743017,Mouse Moved,539.0,303.0,User23,,
1490184743032,Mouse Moved,531.0,298.0,User23,,
1490184743049,Mouse Moved,530.0,296.0,User23,,
1490184743063,Mouse Moved,527.0,295.0,User23,,
1490184743438,Mouse Moved,527.0,298.0,User23,,
1490184743453,Mouse Moved,526.0,303.0,User23,,
1490184743470,Mouse Moved,507.0,344.0,User23,,
1490184743486,Mouse Moved,497.0,364.0,User23,,
1490184743500,Mouse Moved,482.0,414.0,User23,,
1490184743516,Mouse Moved,476.0,430.0,User23,,
1490184743516,Mouse Moved,475.0,433.0,User23,,
1490184743532,Mouse Moved,474.0,436.0,User23,,
1490184743563,Mouse Moved,474.0,437.0,User23,,
1490184743563,Mouse Moved,474.0,438.0,User23,,
1490184743578,Mouse Moved,473.0,438.0,User23,,
1490184743595,Mouse Moved,473.0,439.0,User23,,
1490184743609,Mouse Moved,473.0,440.0,User23,,
1490184743641,Mouse Moved,473.0,441.0,User23,,
1490184743766,Mouse Moved,476.0,436.0,User23,,
1490184743782,Mouse Moved,481.0,430.0,User23,,
1490184743798,Mouse Moved,483.0,427.0,User23,,
1490184743812,Mouse Moved,487.0,423.0,User23,,
1490184743828,Mouse Moved,489.0,422.0,User23,,
1490184743844,Mouse Moved,491.0,420.0,User23,,
1490184743859,Mouse Moved,492.0,420.0,User23,,
1490184743875,Mouse Moved,493.0,419.0,User23,,
1490184743891,Mouse Moved,494.0,419.0,User23,,
1490184743921,Mouse Moved,494.0,418.0,User23,,
1490184743921,Mouse Moved,495.0,418.0,User23,,
1490184743953,Mouse Moved,495.0,416.0,User23,,
1490184743969,Mouse Moved,494.0,414.0,User23,,
1490184743984,Mouse Moved,493.0,412.0,User23,,
1490184744000,Mouse Moved,491.0,409.0,User23,,
1490184744016,Mouse Moved,489.0,407.0,User23,,
1490184744032,Mouse Moved,487.0,405.0,User23,,
1490184744046,Mouse Moved,485.0,403.0,User23,,
1490184744062,Mouse Moved,485.0,402.0,User23,,
1490184744078,Mouse Moved,483.0,400.0,User23,,
1490184744109,Mouse Moved,482.0,399.0,User23,,
1490184744155,Mouse Moved,482.0,398.0,User23,,
1490184744187,Mouse Moved,481.0,397.0,User23,,
1490184744233,Mouse Moved,481.0,396.0,User23,,
1490184744266,Mouse Moved,479.0,394.0,User23,,
1490184744280,Mouse Moved,478.0,393.0,User23,,
1490184744296,Mouse Moved,478.0,392.0,User23,,
1490184744515,Mouse Moved,478.0,392.0,User23,,
1490184744624,Mouse Moved,478.0,392.0,User23,,
1490184745904,Mouse Moved,478.0,390.0,User23,,
1490184745918,Mouse Moved,479.0,389.0,User23,,
1490184745918,Mouse Moved,485.0,384.0,User23,,
1490184745934,Mouse Moved,491.0,379.0,User23,,
1490184745934,Mouse Moved,494.0,376.0,User23,,
1490184745950,Mouse Moved,499.0,372.0,User23,,
1490184745966,Mouse Moved,503.0,369.0,User23,,
1490184745966,Mouse Moved,510.0,363.0,User23,,
1490184745982,Mouse Moved,519.0,357.0,User23,,
1490184745996,Mouse Moved,527.0,353.0,User23,,
1490184745996,Mouse Moved,533.0,350.0,User23,,
1490184746013,Mouse Moved,542.0,345.0,User23,,
1490184746028,Mouse Moved,546.0,343.0,User23,,
1490184746028,Mouse Moved,549.0,342.0,User23,,
1490184746043,Mouse Moved,551.0,341.0,User23,,
1490184746059,Mouse Moved,553.0,340.0,User23,,
1490184746075,Mouse Moved,554.0,340.0,User23,,
1490184747244,Mouse Moved,554.0,339.0,User23,,
1490184747244,Mouse Moved,553.0,338.0,User23,,
1490184747260,Mouse Moved,551.0,334.0,User23,,
1490184747276,Mouse Moved,545.0,328.0,User23,,
1490184747276,Mouse Moved,535.0,315.0,User23,,
1490184747292,Mouse Moved,519.0,290.0,User23,,
1490184747292,Mouse Moved,510.0,277.0,User23,,
1490184747308,Mouse Moved,506.0,270.0,User23,,
1490184747322,Mouse Moved,502.0,265.0,User23,,
1490184747322,Mouse Moved,501.0,263.0,User23,,
1490184747338,Mouse Moved,500.0,262.0,User23,,
1490184747354,Mouse Moved,499.0,261.0,User23,,
1490184747401,Mouse Moved,501.0,261.0,User23,,
1490184747417,Mouse Moved,506.0,261.0,User23,,
1490184747417,Mouse Moved,515.0,261.0,User23,,
1490184747431,Mouse Moved,525.0,264.0,User23,,
1490184747431,Mouse Moved,545.0,274.0,User23,,
1490184747431,Mouse Moved,572.0,290.0,User23,,
1490184747447,Mouse Moved,591.0,302.0,User23,,
1490184747463,Mouse Moved,602.0,310.0,User23,,
1490184747463,Mouse Moved,617.0,321.0,User23,,
1490184747479,Mouse Moved,631.0,334.0,User23,,
1490184747494,Mouse Moved,635.0,340.0,User23,,
1490184747509,Mouse Moved,638.0,346.0,User23,,
1490184747697,Mouse Moved,639.0,347.0,User23,,
1490184747697,Mouse Moved,642.0,348.0,User23,,
1490184747713,Mouse Moved,650.0,351.0,User23,,
1490184747729,Mouse Moved,662.0,355.0,User23,,
1490184747729,Mouse Moved,673.0,359.0,User23,,
1490184747743,Mouse Moved,689.0,365.0,User23,,
1490184747759,Mouse Moved,696.0,370.0,User23,,
1490184747759,Mouse Moved,705.0,374.0,User23,,
1490184747776,Mouse Moved,708.0,376.0,User23,,
1490184747790,Mouse Moved,710.0,378.0,User23,,
1490184747790,Mouse Moved,712.0,378.0,User23,,
1490184747822,Mouse Moved,713.0,379.0,User23,,
1490184747868,Mouse Moved,713.0,378.0,User23,,
1490184747993,Mouse Moved,713.0,378.0,User23,,
1490184748384,Mouse Moved,712.0,379.0,User23,,
1490184748400,Mouse Moved,708.0,379.0,User23,,
1490184748414,Mouse Moved,695.0,377.0,User23,,
1490184748430,Mouse Moved,660.0,362.0,User23,,
1490184748446,Mouse Moved,629.0,348.0,User23,,
1490184748461,Mouse Moved,566.0,313.0,User23,,
1490184748477,Mouse Moved,522.0,291.0,User23,,
1490184748493,Mouse Moved,512.0,289.0,User23,,
1490184748509,Mouse Moved,492.0,286.0,User23,,
1490184748523,Mouse Moved,485.0,286.0,User23,,
1490184748539,Mouse Moved,478.0,285.0,User23,,
1490184748555,Mouse Moved,475.0,284.0,User23,,
1490184748571,Mouse Moved,472.0,282.0,User23,,
1490184748743,Mouse Moved,471.0,282.0,User23,,
1490184748757,Mouse Moved,468.0,282.0,User23,,
1490184748773,Mouse Moved,462.0,279.0,User23,,
1490184748789,Mouse Moved,459.0,278.0,User23,,
1490184748805,Mouse Moved,451.0,272.0,User23,,
1490184748821,Mouse Moved,447.0,270.0,User23,,
1490184748835,Mouse Moved,439.0,264.0,User23,,
1490184748851,Mouse Moved,433.0,260.0,User23,,
1490184748868,Mouse Moved,427.0,256.0,User23,,
1490184748882,Mouse Moved,426.0,254.0,User23,,
1490184748898,Mouse Moved,424.0,253.0,User23,,
1490184748914,Mouse Moved,423.0,252.0,User23,,
1490184748930,Mouse Moved,422.0,251.0,User23,,
1490184748946,Mouse Moved,421.0,250.0,User23,,
1490184748976,Mouse Moved,421.0,249.0,User23,,
1490184748992,Mouse Moved,421.0,248.0,User23,,
1490184749055,Mouse Moved,422.0,249.0,User23,,
1490184749148,Mouse Moved,422.0,249.0,User23,,
1490184750177,Mouse Moved,422.0,250.0,User23,,
1490184750194,Mouse Moved,429.0,256.0,User23,,
1490184750194,Mouse Moved,438.0,265.0,User23,,
1490184750209,Mouse Moved,474.0,292.0,User23,,
1490184750224,Mouse Moved,537.0,325.0,User23,,
1490184750240,Mouse Moved,569.0,345.0,User23,,
1490184750272,Mouse Moved,626.0,381.0,User23,,
1490184750272,Mouse Moved,639.0,388.0,User23,,
1490184750286,Mouse Moved,668.0,405.0,User23,,
1490184750302,Mouse Moved,676.0,409.0,User23,,
1490184750318,Mouse Moved,682.0,412.0,User23,,
1490184750318,Mouse Moved,687.0,414.0,User23,,
1490184750630,Mouse Moved,688.0,417.0,User23,,
1490184750630,Mouse Moved,692.0,423.0,User23,,
1490184750645,Mouse Moved,695.0,429.0,User23,,
1490184750661,Mouse Moved,702.0,443.0,User23,,
1490184750661,Mouse Moved,708.0,453.0,User23,,
1490184750677,Mouse Moved,711.0,457.0,User23,,
1490184750693,Mouse Moved,714.0,462.0,User23,,
1490184750693,Mouse Moved,716.0,466.0,User23,,
1490184750707,Mouse Moved,719.0,469.0,User23,,
1490184750723,Mouse Moved,721.0,473.0,User23,,
1490184750723,Mouse Moved,723.0,476.0,User23,,
1490184750740,Mouse Moved,725.0,479.0,User23,,
1490184750755,Mouse Moved,726.0,480.0,User23,,
1490184750770,Mouse Moved,726.0,481.0,User23,,
1490184750786,Mouse Moved,726.0,482.0,User23,,
1490184751066,Mouse Moved,726.0,482.0,User23,,
1490184751161,Mouse Moved,726.0,482.0,User23,,
1490184751223,Mouse Moved,726.0,482.0,User23,,
1490184752236,Mouse Moved,726.0,482.0,User23,,
1490184752253,Mouse Moved,726.0,482.0,User23,,
1490184752267,Mouse Moved,726.0,482.0,User23,,
1490184752283,Mouse Moved,726.0,482.0,User23,,
1490184752299,Mouse Moved,726.0,482.0,User23,,
1490184752315,Mouse Moved,726.0,482.0,User23,,
1490184752345,Mouse Moved,726.0,482.0,User23,,
1490184752361,Mouse Moved,726.0,482.0,User23,,
1490184752378,Mouse Moved,726.0,482.0,User23,,
1490184752392,Mouse Moved,726.0,482.0,User23,,
1490184752424,Mouse Moved,726.0,482.0,User23,,
1490184752861,Mouse Moved,723.0,482.0,User23,,
1490184752877,Mouse Moved,718.0,482.0,User23,,
1490184752891,Mouse Moved,707.0,478.0,User23,,
1490184752891,Mouse Moved,690.0,469.0,User23,,
1490184752891,Mouse Moved,659.0,443.0,User23,,
1490184752907,Mouse Moved,629.0,410.0,User23,,
1490184752907,Mouse Moved,597.0,366.0,User23,,
1490184752924,Mouse Moved,573.0,340.0,User23,,
1490184752938,Mouse Moved,552.0,310.0,User23,,
1490184752938,Mouse Moved,536.0,288.0,User23,,
1490184752954,Mouse Moved,523.0,272.0,User23,,
1490184752970,Mouse Moved,517.0,266.0,User23,,
1490184752986,Mouse Moved,509.0,258.0,User23,,
1490184753002,Mouse Moved,504.0,255.0,User23,,
1490184753016,Mouse Moved,503.0,254.0,User23,,
1490184753220,Mouse Moved,501.0,254.0,User23,,
1490184753236,Mouse Moved,496.0,252.0,User23,,
1490184753236,Mouse Moved,486.0,247.0,User23,,
1490184753250,Mouse Moved,473.0,239.0,User23,,
1490184753266,Mouse Moved,456.0,222.0,User23,,
1490184753266,Mouse Moved,434.0,192.0,User23,,
1490184753282,Mouse Moved,415.0,162.0,User23,,
1490184753282,Mouse Moved,399.0,135.0,User23,,
1490184753298,Mouse Moved,394.0,126.0,User23,,
1490184753313,Mouse Moved,392.0,125.0,User23,,
1490184753328,Mouse Moved,392.0,123.0,User23,,
1490184753328,Mouse Moved,391.0,123.0,User23,,
1490184753345,Mouse Moved,390.0,122.0,User23,,
1490184753375,Mouse Moved,389.0,121.0,User23,,
1490184753407,Mouse Moved,389.0,120.0,User23,,
1490184753423,Mouse Moved,388.0,120.0,User23,,
1490184753437,Mouse Moved,387.0,120.0,User23,,
1490184753453,Mouse Moved,386.0,120.0,User23,,
1490184753500,Mouse Moved,385.0,120.0,User23,,
1490184753516,Mouse Moved,385.0,121.0,User23,,
1490184753532,Mouse Moved,384.0,124.0,User23,,
1490184753532,Mouse Moved,383.0,129.0,User23,,
1490184753548,Mouse Moved,383.0,133.0,User23,,
1490184753562,Mouse Moved,382.0,138.0,User23,,
1490184753578,Mouse Moved,382.0,140.0,User23,,
1490184753594,Mouse Moved,382.0,141.0,User23,,
1490184753609,Mouse Moved,382.0,142.0,User23,,
1490184753641,Mouse Moved,382.0,143.0,User23,,
1490184753969,Mouse Moved,382.0,144.0,User23,,
1490184754000,Mouse Moved,382.0,145.0,User23,,
1490184754016,Mouse Moved,382.0,146.0,User23,,
1490184754016,Mouse Moved,382.0,147.0,User23,,
1490184754030,Mouse Moved,383.0,148.0,User23,,
1490184754046,Mouse Moved,383.0,149.0,User23,,
1490184754046,Mouse Moved,383.0,150.0,User23,,
1490184754062,Mouse Moved,384.0,151.0,User23,,
1490184754078,Mouse Moved,384.0,152.0,User23,,
1490184754078,Mouse Moved,384.0,153.0,User23,,
1490184754078,Mouse Moved,384.0,154.0,User23,,
1490184754094,Mouse Moved,384.0,156.0,User23,,
1490184754108,Mouse Moved,384.0,157.0,User23,,
1490184754108,Mouse Moved,385.0,158.0,User23,,
1490184754108,Mouse Moved,385.0,159.0,User23,,
1490184754437,Mouse Moved,385.0,159.0,User23,,
1490184754546,Mouse Moved,385.0,159.0,User23,,
1490184788819,Mouse Moved,384.0,159.0,User23,,
1490184788897,Mouse Moved,388.0,158.0,User23,,
1490184788913,Mouse Moved,390.0,158.0,User23,,
1490184788913,Mouse Moved,392.0,158.0,User23,,
1490184788927,Mouse Moved,393.0,158.0,User23,,
1490184788944,Mouse Moved,395.0,158.0,User23,,
1490184788944,Mouse Moved,396.0,158.0,User23,,
1490184794996,Mouse Moved,397.0,158.0,User23,,
1490184794996,Mouse Moved,398.0,157.0,User23,,
1490184795012,Mouse Moved,399.0,157.0,User23,,
1490184795012,Mouse Moved,399.0,156.0,User23,,
1490184795059,Mouse Moved,399.0,154.0,User23,,
1490184795075,Mouse Moved,397.0,151.0,User23,,
1490184795075,Mouse Moved,392.0,146.0,User23,,
1490184795089,Mouse Moved,384.0,140.0,User23,,
1490184795089,Mouse Moved,373.0,133.0,User23,,
1490184795121,Mouse Moved,367.0,129.0,User23,,
1490184795121,Mouse Moved,361.0,125.0,User23,,
1490184795121,Mouse Moved,357.0,123.0,User23,,
1490184795137,Mouse Moved,353.0,122.0,User23,,
1490184795137,Mouse Moved,350.0,121.0,User23,,
1490184795153,Mouse Moved,348.0,120.0,User23,,
1490184795167,Mouse Moved,345.0,120.0,User23,,
1490184795167,Mouse Moved,343.0,120.0,User23,,
1490184795184,Mouse Moved,341.0,119.0,User23,,
1490184795200,Mouse Moved,338.0,119.0,User23,,
1490184795200,Mouse Moved,336.0,119.0,User23,,
1490184795371,Mouse Moved,336.0,125.0,User23,,
1490184795387,Mouse Moved,339.0,137.0,User23,,
1490184795401,Mouse Moved,341.0,151.0,User23,,
1490184795401,Mouse Moved,343.0,161.0,User23,,
1490184795417,Mouse Moved,347.0,184.0,User23,,
1490184795417,Mouse Moved,348.0,199.0,User23,,
1490184795417,Mouse Moved,349.0,214.0,User23,,
1490184795434,Mouse Moved,350.0,222.0,User23,,
1490184795448,Mouse Moved,350.0,226.0,User23,,
1490184795448,Mouse Moved,350.0,228.0,User23,,
1490184795464,Mouse Moved,350.0,229.0,User23,,
1490184795464,Mouse Moved,350.0,231.0,User23,,
1490184795480,Mouse Moved,350.0,232.0,User23,,
1490184795496,Mouse Moved,350.0,233.0,User23,,
1490184795542,Mouse Moved,350.0,234.0,User23,,
1490184795573,Mouse Moved,350.0,235.0,User23,,
1490184795605,Mouse Moved,350.0,236.0,User23,,
1490184795635,Mouse Moved,352.0,237.0,User23,,
1490184795635,Mouse Moved,353.0,238.0,User23,,
1490184795651,Mouse Moved,357.0,242.0,User23,,
1490184795667,Mouse Moved,365.0,248.0,User23,,
1490184795667,Mouse Moved,372.0,253.0,User23,,
1490184795683,Mouse Moved,379.0,257.0,User23,,
1490184795698,Mouse Moved,389.0,261.0,User23,,
1490184795698,Mouse Moved,395.0,264.0,User23,,
1490184795713,Mouse Moved,400.0,266.0,User23,,
1490184795713,Mouse Moved,403.0,268.0,User23,,
1490184795730,Mouse Moved,405.0,269.0,User23,,
1490184795746,Mouse Moved,406.0,270.0,User23,,
1490184795746,Mouse Moved,408.0,271.0,User23,,
1490184795776,Mouse Moved,409.0,271.0,User23,,
1490184795776,Mouse Moved,410.0,271.0,User23,,
1490184795776,Mouse Moved,410.0,272.0,User23,,
1490184796805,Mouse Moved,410.0,273.0,User23,,
1490184796822,Mouse Moved,410.0,274.0,User23,,
1490184796838,Mouse Moved,410.0,276.0,User23,,
1490184796852,Mouse Moved,409.0,278.0,User23,,
1490184796852,Mouse Moved,409.0,279.0,User23,,
1490184796868,Mouse Moved,408.0,280.0,User23,,
1490184796884,Mouse Moved,408.0,281.0,User23,,
1490184796884,Mouse Moved,407.0,282.0,User23,,
1490184796915,Mouse Moved,406.0,282.0,User23,,
1490184796930,Mouse Moved,406.0,283.0,User23,,
1490184798553,Mouse Moved,406.0,282.0,User23,,
1490184798647,Mouse Moved,406.0,282.0,User23,,
1490184799302,Mouse Moved,408.0,283.0,User23,,
1490184799302,Mouse Moved,419.0,288.0,User23,,
1490184799318,Mouse Moved,451.0,300.0,User23,,
1490184799334,Mouse Moved,524.0,326.0,User23,,
1490184799334,Mouse Moved,596.0,361.0,User23,,
1490184799334,Mouse Moved,676.0,403.0,User23,,
1490184799348,Mouse Moved,740.0,435.0,User23,,
1490184799365,Mouse Moved,794.0,475.0,User23,,
1490184799380,Mouse Moved,854.0,515.0,User23,,
1490184799380,Mouse Moved,896.0,541.0,User23,,
1490184799380,Mouse Moved,928.0,558.0,User23,,
1490184799395,Mouse Moved,942.0,567.0,User23,,
1490184799427,Mouse Moved,947.0,570.0,User23,,
1490184799598,Mouse Moved,946.0,570.0,User23,,
1490184799614,Mouse Moved,944.0,568.0,User23,,
1490184799630,Mouse Moved,940.0,564.0,User23,,
1490184799630,Mouse Moved,937.0,559.0,User23,,
1490184799645,Mouse Moved,931.0,552.0,User23,,
1490184799661,Mouse Moved,925.0,541.0,User23,,
1490184799661,Mouse Moved,919.0,531.0,User23,,
1490184799677,Mouse Moved,907.0,512.0,User23,,
1490184799691,Mouse Moved,903.0,503.0,User23,,
1490184799691,Mouse Moved,899.0,497.0,User23,,
1490184799691,Mouse Moved,896.0,493.0,User23,,
1490184799723,Mouse Moved,894.0,491.0,User23,,
1490184799723,Mouse Moved,892.0,490.0,User23,,
1490184799723,Mouse Moved,891.0,489.0,User23,,
1490184799739,Mouse Moved,890.0,488.0,User23,,
1490184799755,Mouse Moved,888.0,488.0,User23,,
1490184799989,Mouse Moved,890.0,488.0,User23,,
1490184799989,Mouse Moved,892.0,488.0,User23,,
1490184799989,Mouse Moved,895.0,487.0,User23,,
1490184800003,Mouse Moved,898.0,486.0,User23,,
1490184800003,Mouse Moved,902.0,485.0,User23,,
1490184800019,Mouse Moved,907.0,485.0,User23,,
1490184800036,Mouse Moved,911.0,484.0,User23,,
1490184800036,Mouse Moved,914.0,483.0,User23,,
1490184800051,Mouse Moved,917.0,482.0,User23,,
1490184800066,Mouse Moved,923.0,482.0,User23,,
1490184800066,Mouse Moved,926.0,482.0,User23,,
1490184800066,Mouse Moved,929.0,482.0,User23,,
1490184800082,Mouse Moved,931.0,482.0,User23,,
1490184800098,Mouse Moved,933.0,482.0,User23,,
1490184800098,Mouse Moved,935.0,482.0,User23,,
1490184800114,Mouse Moved,936.0,482.0,User23,,
1490184800114,Mouse Moved,938.0,482.0,User23,,
1490184800128,Mouse Moved,938.0,483.0,User23,,
1490184800128,Mouse Moved,939.0,483.0,User23,,
1490184800253,Mouse Moved,939.0,482.0,User23,,
1490184800362,Mouse Moved,939.0,482.0,User23,,
1490184801470,Mouse Moved,939.0,483.0,User23,,
1490184801470,Mouse Moved,939.0,484.0,User23,,
1490184801486,Mouse Moved,937.0,485.0,User23,,
1490184801486,Mouse Moved,930.0,486.0,User23,,
1490184801502,Mouse Moved,920.0,486.0,User23,,
1490184801517,Mouse Moved,904.0,479.0,User23,,
1490184801532,Mouse Moved,889.0,472.0,User23,,
1490184801549,Mouse Moved,878.0,464.0,User23,,
1490184801549,Mouse Moved,869.0,458.0,User23,,
1490184801563,Mouse Moved,860.0,450.0,User23,,
1490184801579,Mouse Moved,850.0,440.0,User23,,
1490184801579,Mouse Moved,844.0,432.0,User23,,
1490184801595,Mouse Moved,840.0,428.0,User23,,
1490184801611,Mouse Moved,838.0,425.0,User23,,
1490184801611,Mouse Moved,833.0,422.0,User23,,
1490184801627,Mouse Moved,829.0,419.0,User23,,
1490184801627,Mouse Moved,828.0,417.0,User23,,
1490184802095,Mouse Moved,826.0,417.0,User23,,
1490184802109,Mouse Moved,824.0,417.0,User23,,
1490184802109,Mouse Moved,817.0,416.0,User23,,
1490184802125,Mouse Moved,808.0,412.0,User23,,
1490184802125,Mouse Moved,797.0,410.0,User23,,
1490184802141,Mouse Moved,789.0,407.0,User23,,
1490184802157,Mouse Moved,772.0,405.0,User23,,
1490184802173,Mouse Moved,764.0,403.0,User23,,
1490184802187,Mouse Moved,750.0,402.0,User23,,
1490184802203,Mouse Moved,741.0,406.0,User23,,
1490184802469,Mouse Moved,741.0,406.0,User23,,
1490184802484,Mouse Scrolled (0 -1),741.0,406.0,User23,,
1490184802516,Mouse Moved,741.0,406.0,User23,,
1490184802594,Mouse Moved,741.0,406.0,User23,,
1490184802937,Mouse Moved,741.0,406.0,User23,,
1490184802953,Mouse Moved,741.0,406.0,User23,,
1490184802967,Mouse Scrolled (0 -1),741.0,406.0,User23,,
1490184803030,Mouse Moved,741.0,406.0,User23,,
1490184803092,Mouse Moved,741.0,406.0,User23,,
1490184803124,Mouse Moved,741.0,406.0,User23,,
1490184803201,Mouse Moved,741.0,406.0,User23,,
1490184803763,Mouse Moved,741.0,406.0,User23,,
1490184803779,Mouse Moved,741.0,406.0,User23,,
1490184803795,Mouse Moved,741.0,406.0,User23,,
1490184803811,Mouse Moved,741.0,406.0,User23,,
1490184803825,Mouse Moved,741.0,406.0,User23,,
1490184803842,Mouse Moved,741.0,406.0,User23,,
1490184803858,Mouse Moved,741.0,406.0,User23,,
1490184803888,Mouse Moved,741.0,406.0,User23,,
1490184803920,Mouse Moved,741.0,406.0,User23,,
1490184803950,Mouse Moved,741.0,406.0,User23,,
1490184803967,Mouse Moved,741.0,406.0,User23,,
1490184803982,Mouse Scrolled (0 1),741.0,406.0,User23,,
1490184804059,Mouse Moved,741.0,406.0,User23,,
1490184805198,Mouse Moved,741.0,406.0,User23,,
1490184805339,Mouse Moved,741.0,406.0,User23,,
1490184805496,Mouse Moved,741.0,406.0,User23,,
1490184806509,Mouse Moved,741.0,413.0,User23,,
1490184806509,Mouse Moved,741.0,422.0,User23,,
1490184806509,Mouse Moved,741.0,424.0,User23,,
1490184806509,Mouse Moved,741.0,429.0,User23,,
1490184806509,Mouse Moved,741.0,431.0,User23,,
1490184806525,Mouse Moved,741.0,443.0,User23,,
1490184806525,Mouse Moved,741.0,448.0,User23,,
1490184806525,Mouse Moved,741.0,455.0,User23,,
1490184806540,Mouse Moved,741.0,457.0,User23,,
1490184806540,Mouse Moved,741.0,462.0,User23,,
1490184806555,Mouse Moved,741.0,464.0,User23,,
1490184806680,Mouse Moved,741.0,466.0,User23,,
1490184806680,Mouse Moved,741.0,468.0,User23,,
1490184806680,Mouse Moved,741.0,469.0,User23,,
1490184806680,Mouse Moved,741.0,470.0,User23,,
1490184806680,Mouse Moved,741.0,471.0,User23,,
1490184806680,Mouse Moved,742.0,476.0,User23,,
1490184806697,Mouse Moved,742.0,477.0,User23,,
1490184806697,Mouse Moved,743.0,479.0,User23,,
1490184806697,Mouse Moved,743.0,481.0,User23,,
1490184806822,Mouse Moved,743.0,482.0,User23,,
1490184806822,Mouse Moved,743.0,483.0,User23,,
1490184806822,Mouse Moved,744.0,483.0,User23,,
1490184806822,Mouse Moved,745.0,484.0,User23,,
1490184806852,Mouse Moved,745.0,485.0,User23,,
1490184806852,Mouse Moved,745.0,487.0,User23,,
1490184806852,Mouse Moved,746.0,488.0,User23,,
1490184806993,Mouse Moved,746.0,489.0,User23,,
1490184806993,Mouse Moved,746.0,492.0,User23,,
1490184806993,Mouse Moved,746.0,495.0,User23,,
1490184807009,Mouse Moved,746.0,496.0,User23,,
1490184807289,Mouse Moved,746.0,495.0,User23,,
1490184807398,Mouse Moved,746.0,495.0,User23,,
1490184808584,Mouse Moved,749.0,496.0,User23,,
1490184808599,Mouse Moved,756.0,493.0,User23,,
1490184808615,Mouse Moved,769.0,491.0,User23,,
1490184808615,Mouse Moved,792.0,487.0,User23,,
1490184808631,Mouse Moved,839.0,481.0,User23,,
1490184808647,Mouse Moved,870.0,478.0,User23,,
1490184808661,Mouse Moved,912.0,470.0,User23,,
1490184808661,Mouse Moved,942.0,470.0,User23,,
1490184808661,Mouse Moved,987.0,465.0,User23,,
1490184808677,Mouse Moved,1013.0,462.0,User23,,
1490184808677,Mouse Moved,1043.0,462.0,User23,,
1490184808694,Mouse Moved,1048.0,462.0,User23,,
1490184809411,Mouse Moved,1046.0,463.0,User23,,
1490184809427,Mouse Moved,1040.0,464.0,User23,,
1490184809427,Mouse Moved,1028.0,468.0,User23,,
1490184809441,Mouse Moved,1004.0,470.0,User23,,
1490184809441,Mouse Moved,973.0,474.0,User23,,
1490184809457,Mouse Moved,932.0,474.0,User23,,
1490184809457,Mouse Moved,895.0,468.0,User23,,
1490184809473,Mouse Moved,827.0,447.0,User23,,
1490184809489,Mouse Moved,803.0,435.0,User23,,
1490184809505,Mouse Moved,780.0,424.0,User23,,
1490184809519,Mouse Moved,765.0,416.0,User23,,
1490184809519,Mouse Moved,755.0,407.0,User23,,
1490184809519,Mouse Moved,746.0,399.0,User23,,
1490184809536,Mouse Moved,741.0,392.0,User23,,
1490184809552,Mouse Moved,733.0,381.0,User23,,
1490184809552,Mouse Moved,729.0,378.0,User23,,
1490184809801,Mouse Moved,730.0,378.0,User23,,
1490184809816,Mouse Moved,730.0,378.0,User23,,
1490184809832,Mouse Moved,730.0,378.0,User23,,
1490184809848,Mouse Moved,730.0,378.0,User23,,
1490184809864,Mouse Scrolled (0 2),730.0,378.0,User23,,
1490184809878,Mouse Scrolled (0 1),730.0,378.0,User23,,
1490184809894,Mouse Scrolled (0 2),730.0,378.0,User23,,
1490184809926,Mouse Moved,730.0,378.0,User23,,
1490184809941,Mouse Moved,730.0,378.0,User23,,
1490184810424,Mouse Moved,726.0,378.0,User23,,
1490184810440,Mouse Moved,720.0,381.0,User23,,
1490184810456,Mouse Moved,700.0,386.0,User23,,
1490184810471,Mouse Moved,656.0,382.0,User23,,
1490184810487,Mouse Moved,630.0,369.0,User23,,
1490184810503,Mouse Moved,580.0,343.0,User23,,
1490184810519,Mouse Moved,563.0,331.0,User23,,
1490184810533,Mouse Moved,536.0,306.0,User23,,
1490184810549,Mouse Moved,524.0,295.0,User23,,
1490184810565,Mouse Moved,516.0,287.0,User23,,
1490184810565,Mouse Moved,510.0,284.0,User23,,
1490184810581,Mouse Moved,507.0,281.0,User23,,
1490184810581,Mouse Moved,503.0,279.0,User23,,
1490184810596,Mouse Moved,501.0,278.0,User23,,
1490184810611,Mouse Moved,499.0,278.0,User23,,
1490184810611,Mouse Moved,498.0,277.0,User23,,
1490184810628,Mouse Moved,496.0,277.0,User23,,
1490184810861,Mouse Moved,496.0,278.0,User23,,
1490184810878,Mouse Button.left Pressed,496.0,278.0,User23,,
1490184811002,Mouse Moved,496.0,278.0,User23,,
1490184812562,Mouse Moved,498.0,277.0,User23,,
1490184812578,Mouse Moved,507.0,274.0,User23,,
1490184812578,Mouse Moved,614.0,250.0,User23,,
1490184812594,Mouse Moved,747.0,248.0,User23,,
1490184812625,Mouse Moved,810.0,256.0,User23,,
1490184812625,Mouse Moved,877.0,264.0,User23,,
1490184812625,Mouse Moved,918.0,270.0,User23,,
1490184812640,Mouse Moved,971.0,278.0,User23,,
1490184812655,Mouse Moved,998.0,284.0,User23,,
1490184816290,Mouse Moved,996.0,286.0,User23,,
1490184816305,Mouse Moved,990.0,290.0,User23,,
1490184816305,Mouse Moved,975.0,299.0,User23,,
1490184816322,Mouse Moved,954.0,311.0,User23,,
1490184816338,Mouse Moved,903.0,341.0,User23,,
1490184816352,Mouse Moved,881.0,356.0,User23,,
1490184816368,Mouse Moved,859.0,374.0,User23,,
1490184816368,Mouse Moved,838.0,386.0,User23,,
1490184816384,Mouse Moved,819.0,398.0,User23,,
1490184816384,Mouse Moved,808.0,402.0,User23,,
1490184816400,Mouse Moved,799.0,405.0,User23,,
1490184816415,Mouse Moved,791.0,406.0,User23,,
1490184816415,Mouse Moved,787.0,407.0,User23,,
1490184816430,Mouse Moved,783.0,407.0,User23,,
1490184816447,Mouse Moved,782.0,407.0,User23,,
1490184816447,Mouse Moved,780.0,407.0,User23,,
1490184816461,Mouse Moved,779.0,407.0,User23,,
1490184816461,Mouse Moved,778.0,407.0,User23,,
1490184816493,Mouse Moved,777.0,407.0,User23,,
1490184816509,Mouse Moved,776.0,407.0,User23,,
1490184816539,Mouse Moved,775.0,407.0,User23,,
1490184816539,Mouse Moved,774.0,406.0,User23,,
1490184816618,Mouse Moved,774.0,405.0,User23,,
1490184816634,Mouse Moved,773.0,405.0,User23,,
1490184816650,Mouse Moved,773.0,404.0,User23,,
1490184816664,Mouse Moved,773.0,403.0,User23,,
1490184816680,Mouse Moved,772.0,401.0,User23,,
1490184816680,Mouse Moved,770.0,399.0,User23,,
1490184816696,Mouse Moved,770.0,396.0,User23,,
1490184816711,Mouse Moved,768.0,394.0,User23,,
1490184816711,Mouse Moved,767.0,392.0,User23,,
1490184816727,Mouse Moved,766.0,390.0,User23,,
1490184816743,Mouse Moved,763.0,386.0,User23,,
1490184816743,Mouse Moved,762.0,385.0,User23,,
1490184816759,Mouse Moved,761.0,384.0,User23,,
1490184816759,Mouse Moved,760.0,382.0,User23,,
1490184816773,Mouse Moved,759.0,381.0,User23,,
1490184816789,Mouse Moved,759.0,380.0,User23,,
1490184816789,Mouse Moved,758.0,380.0,User23,,
1490184816805,Mouse Moved,758.0,379.0,User23,,
1490184816821,Mouse Moved,757.0,379.0,User23,,
1490184816821,Mouse Moved,757.0,378.0,User23,,
1490184816836,Mouse Moved,756.0,378.0,User23,,
1490184816836,Mouse Moved,756.0,377.0,User23,,
1490184816851,Mouse Moved,756.0,376.0,User23,,
1490184816851,Mouse Moved,755.0,376.0,User23,,
1490184816884,Mouse Moved,755.0,375.0,User23,,
1490184816884,Mouse Moved,754.0,374.0,User23,,
1490184816884,Mouse Moved,753.0,373.0,User23,,
1490184816914,Mouse Moved,753.0,372.0,User23,,
1490184816930,Mouse Moved,752.0,371.0,User23,,
1490184816976,Mouse Moved,752.0,370.0,User23,,
1490184816993,Mouse Moved,751.0,370.0,User23,,
1490184817023,Mouse Moved,751.0,369.0,User23,,
1490184817023,Mouse Moved,750.0,369.0,User23,,
1490184817055,Mouse Moved,749.0,368.0,User23,,
1490184817398,Mouse Moved,750.0,369.0,User23,,
1490184817414,Mouse Button.left Pressed,750.0,369.0,User23,,
1490184817523,Mouse Moved,750.0,369.0,User23,,
1490184818895,Mouse Moved,737.0,369.0,User23,,
1490184818911,Mouse Moved,684.0,362.0,User23,,
1490184818927,Mouse Moved,641.0,353.0,User23,,
1490184818943,Mouse Moved,565.0,328.0,User23,,
1490184818957,Mouse Moved,527.0,313.0,User23,,
1490184818973,Mouse Moved,486.0,288.0,User23,,
1490184818990,Mouse Moved,472.0,278.0,User23,,
1490184819005,Mouse Moved,465.0,270.0,User23,,
1490184819005,Mouse Moved,458.0,263.0,User23,,
1490184819020,Mouse Moved,453.0,258.0,User23,,
1490184819036,Mouse Moved,451.0,254.0,User23,,
1490184819036,Mouse Moved,449.0,253.0,User23,,
1490184819052,Mouse Moved,448.0,252.0,User23,,
1490184819068,Mouse Moved,447.0,251.0,User23,,
1490184819068,Mouse Moved,447.0,250.0,User23,,
1490184819082,Mouse Moved,446.0,249.0,User23,,
1490184819348,Mouse Moved,446.0,249.0,User23,,
1490184819473,Mouse Moved,446.0,249.0,User23,,
1490184820440,Mouse Moved,449.0,250.0,User23,,
1490184820456,Mouse Moved,458.0,253.0,User23,,
1490184820456,Mouse Moved,478.0,260.0,User23,,
1490184820471,Mouse Moved,513.0,269.0,User23,,
