client timestamp,button,state,x,y
647664970,NoButton,Move,674,300
647664972,NoButton,Move,674,300
647664974,NoButton,Move,673,300
647664976,NoButton,Move,671,300
647664979,NoButton,Move,671,300
647664980,NoButton,Move,670,300
647664982,NoButton,Move,670,300
647664984,NoButton,Move,669,300
647664986,NoButton,Move,668,301
647664988,NoButton,Move,667,301
647664990,NoButton,Move,667,301
647664992,NoButton,Move,666,301
647664994,NoButton,Move,665,301
647664998,NoButton,Move,665,301
647665000,NoButton,Move,664,301
647665002,NoButton,Move,664,301
647665004,NoButton,Move,663,301
647665006,NoButton,Move,663,301
647665010,NoButton,Move,662,301
647665013,NoButton,Move,661,301
647665014,NoButton,Move,661,301
647665018,NoButton,Move,660,301
647665020,NoButton,Move,660,301
647665024,NoButton,Move,659,301
647665026,Right,Pressed,659,301
647665032,NoButton,Drag,658,301
647665036,NoButton,Drag,658,301
647665040,NoButton,Drag,657,301
647665044,NoButton,Drag,656,302
647665048,NoButton,Drag,656,302
647665056,NoButton,Drag,655,302
647665060,NoButton,Drag,655,302
647665072,NoButton,Drag,654,302
647665074,NoButton,Drag,654,302
647665080,NoButton,Drag,653,302
647665082,NoButton,Drag,652,302
647665084,NoButton,Drag,652,302
647665090,NoButton,Drag,651,302
647665091,Right,Released,651,302
647665092,NoButton,Move,651,303
647665094,NoButton,Move,650,303
647665096,NoButton,Move,649,303
647665100,NoButton,Move,648,303
647665104,NoButton,Move,647,303
647665110,NoButton,Move,646,303
647665114,NoButton,Move,645,304
647665116,NoButton,Move,645,304
647665118,NoButton,Move,644,304
647665122,NoButton,Move,644,304
647665124,NoButton,Move,643,304
647665128,NoButton,Move,642,304
647665132,NoButton,Move,642,304
647665134,NoButton,Move,641,304
647665136,NoButton,Move,641,304
647665138,NoButton,Move,640,304
647665144,NoButton,Move,640,304
647665148,NoButton,Move,639,304
647665150,NoButton,Move,638,304
647665152,NoButton,Move,638,304
647665154,NoButton,Move,637,304
647665156,NoButton,Move,637,304
647665158,NoButton,Move,636,304
647665160,NoButton,Move,635,304
647665163,NoButton,Move,634,304
647665164,NoButton,Move,634,304
647665166,NoButton,Move,633,304
647665168,NoButton,Move,633,304
647665170,NoButton,Move,632,304
647665172,NoButton,Move,632,304
647665174,NoButton,Move,630,304
647665178,NoButton,Move,629,304
647665178,Right,Pressed,629,304
647665182,NoButton,Drag,628,304
647665184,NoButton,Drag,627,304
647665186,NoButton,Drag,625,304
647665190,NoButton,Drag,624,305
647665192,NoButton,Drag,623,305
647665194,NoButton,Drag,623,305
647665197,NoButton,Drag,622,305
647665198,NoButton,Drag,622,305
647665200,NoButton,Drag,621,305
647665201,NoButton,Drag,620,305
647665204,NoButton,Drag,619,305
647665205,NoButton,Drag,618,305
647665207,NoButton,Drag,617,305
647665209,NoButton,Drag,616,305
647665213,NoButton,Drag,616,306
647665215,NoButton,Drag,614,306
647665216,NoButton,Drag,614,306
647665219,NoButton,Drag,613,306
647665221,NoButton,Drag,613,306
647665222,NoButton,Drag,611,307
647665224,NoButton,Drag,611,307
647665226,NoButton,Drag,610,307
647665228,NoButton,Drag,610,307
647665231,NoButton,Drag,609,307
647665232,NoButton,Drag,609,307
647665234,NoButton,Drag,608,307
647665236,NoButton,Drag,607,307
647665239,NoButton,Drag,606,307
647665240,NoButton,Drag,606,307
647665242,NoButton,Drag,604,307
647665247,NoButton,Drag,604,307
647665248,NoButton,Drag,603,307
647665250,NoButton,Drag,603,307
647665252,NoButton,Drag,602,307
647665255,NoButton,Drag,601,307
647665257,NoButton,Drag,600,307
647665258,NoButton,Drag,599,307
647665264,NoButton,Drag,598,307
647665265,NoButton,Drag,597,307
647665266,NoButton,Drag,597,307
647665268,NoButton,Drag,596,307
647665270,NoButton,Drag,595,307
647665272,NoButton,Drag,594,307
647665274,NoButton,Drag,593,307
647665277,NoButton,Drag,592,307
647665278,NoButton,Drag,591,307
647665281,NoButton,Drag,590,307
647665282,NoButton,Drag,590,307
647665284,NoButton,Drag,589,307
647665286,NoButton,Drag,588,307
647665288,NoButton,Drag,587,307
647665290,NoButton,Drag,587,307
647665292,NoButton,Drag,586,307
647665294,NoButton,Drag,586,307
647665298,NoButton,Drag,584,307
647665299,NoButton,Drag,584,307
647665299,Right,Released,584,307
647665301,NoButton,Move,583,307
647665302,NoButton,Move,581,307
647665304,NoButton,Move,581,307
647665306,NoButton,Move,580,307
647665308,NoButton,Move,579,307
647665310,NoButton,Move,578,307
647665312,NoButton,Move,578,307
647665314,NoButton,Move,577,307
647665316,NoButton,Move,576,307
647665318,NoButton,Move,576,307
647665320,NoButton,Move,574,307
647665322,NoButton,Move,574,307
647665324,NoButton,Move,573,307
647665326,NoButton,Move,573,307
647665328,NoButton,Move,572,307
647665331,NoButton,Move,571,307
647665334,NoButton,Move,570,307
647665336,NoButton,Move,569,307
647665338,NoButton,Move,568,307
647665342,NoButton,Move,568,307
647665347,NoButton,Move,567,307
647665348,NoButton,Move,567,307
647665350,NoButton,Move,566,307
647665352,NoButton,Move,566,307
647665354,NoButton,Move,565,307
647665356,NoButton,Move,564,307
647665358,NoButton,Move,564,307
647665360,NoButton,Move,563,307
647665362,NoButton,Move,563,306
647665364,NoButton,Move,562,306
647665366,NoButton,Move,562,306
647665368,NoButton,Move,561,306
647665370,NoButton,Move,560,306
647665372,NoButton,Move,560,306
647665374,NoButton,Move,559,306
647665376,NoButton,Move,559,306
647665378,NoButton,Move,558,306
647665382,NoButton,Move,557,306
647665384,NoButton,Move,556,306
647665386,NoButton,Move,556,306
647665388,NoButton,Move,555,306
647665390,NoButton,Move,554,306
647665392,NoButton,Move,553,306
647665394,NoButton,Move,553,306
647665397,NoButton,Move,552,306
647665398,NoButton,Move,551,305
647665400,NoButton,Move,551,305
647665402,NoButton,Move,550,305
647665404,NoButton,Move,549,305
647665406,NoButton,Move,549,305
647665408,NoButton,Move,548,305
647665410,NoButton,Move,547,305
647665412,NoButton,Move,546,305
647665414,NoButton,Move,545,304
647665416,NoButton,Move,544,304
647665418,NoButton,Move,543,303
647665420,NoButton,Move,543,303
647665422,NoButton,Move,542,303
647665424,NoButton,Move,541,303
647665426,NoButton,Move,541,303
647665428,NoButton,Move,539,303
647665430,NoButton,Move,539,303
647665432,NoButton,Move,538,303
647665434,NoButton,Move,538,303
647665436,NoButton,Move,537,303
647665438,NoButton,Move,536,302
647665440,NoButton,Move,536,302
647665442,NoButton,Move,535,302
647665444,NoButton,Move,535,302
647665447,NoButton,Move,534,302
647665448,NoButton,Move,533,302
647665450,NoButton,Move,532,301
647665452,NoButton,Move,532,301
647665454,NoButton,Move,531,301
647665456,NoButton,Move,531,301
647665460,NoButton,Move,530,301
647665462,NoButton,Move,530,301
647665466,NoButton,Move,529,301
647665468,NoButton,Move,528,301
647665478,NoButton,Move,528,300
647665494,NoButton,Move,527,300
647665510,NoButton,Move,527,299
647665531,NoButton,Move,527,299
647665532,NoButton,Move,527,298
647665538,NoButton,Move,526,298
647665542,NoButton,Move,526,298
647665544,NoButton,Move,526,298
647665546,NoButton,Move,526,297
647665550,NoButton,Move,527,297
647665552,NoButton,Move,527,296
647665554,NoButton,Move,528,295
647665556,NoButton,Move,529,295
647665558,NoButton,Move,529,294
647665560,NoButton,Move,530,293
647665562,NoButton,Move,530,293
647665565,NoButton,Move,531,291
647665565,NoButton,Move,532,290
647665568,NoButton,Move,534,288
647665570,NoButton,Move,535,286
647665572,NoButton,Move,536,284
647665574,NoButton,Move,538,282
647665576,NoButton,Move,540,279
647665577,NoButton,Move,542,278
647665581,NoButton,Move,544,276
647665582,NoButton,Move,546,273
647665583,NoButton,Move,548,270
647665586,NoButton,Move,551,267
647665588,NoButton,Move,553,264
647665590,NoButton,Move,557,261
647665591,NoButton,Move,559,257
647665594,NoButton,Move,563,254
647665595,NoButton,Move,565,251
647665598,NoButton,Move,569,249
647665599,NoButton,Move,572,245
647665602,NoButton,Move,576,241
647665603,NoButton,Move,580,238
647665606,NoButton,Move,583,234
647665608,NoButton,Move,587,231
647665610,NoButton,Move,591,227
647665612,NoButton,Move,595,223
647665615,NoButton,Move,599,221
647665616,NoButton,Move,604,217
647665618,NoButton,Move,607,213
647665620,NoButton,Move,611,210
647665622,NoButton,Move,616,207
647665624,NoButton,Move,620,203
647665626,NoButton,Move,624,199
647665628,NoButton,Move,627,197
647665630,NoButton,Move,630,194
647665632,NoButton,Move,633,192
647665634,NoButton,Move,637,190
647665636,NoButton,Move,639,188
647665638,NoButton,Move,641,186
647665640,NoButton,Move,643,184
647665642,NoButton,Move,647,182
647665644,NoButton,Move,649,181
647665646,NoButton,Move,651,179
647665648,NoButton,Move,653,178
647665650,NoButton,Move,655,176
647665652,NoButton,Move,656,175
647665654,NoButton,Move,658,173
647665656,NoButton,Move,660,173
647665658,NoButton,Move,661,172
647665660,NoButton,Move,663,171
647665662,NoButton,Move,663,170
647665665,NoButton,Move,664,169
647665666,NoButton,Move,664,168
647665668,NoButton,Move,665,168
647665670,Right,Pressed,665,168
647665672,NoButton,Drag,666,167
647665674,NoButton,Drag,666,167
647665676,NoButton,Drag,667,166
647665680,NoButton,Drag,667,165
647665682,NoButton,Drag,667,165
647665684,NoButton,Drag,667,165
647665686,NoButton,Drag,667,164
647665690,NoButton,Drag,668,164
647665694,NoButton,Drag,668,164
647665732,Right,Released,668,164
647665844,NoButton,Move,668,163
647665854,NoButton,Move,668,163
647665856,Right,Pressed,668,163
647665872,NoButton,Drag,668,162
647665914,NoButton,Drag,668,162
647665924,Right,Released,668,162
647665928,NoButton,Move,668,161
647665936,NoButton,Move,668,161
647665940,NoButton,Move,669,161
647665944,NoButton,Move,669,160
647665950,NoButton,Move,670,160
647665952,NoButton,Move,670,160
647665958,NoButton,Move,670,159
647665962,NoButton,Move,670,159
647665966,NoButton,Move,670,158
647665970,NoButton,Move,670,157
647665972,NoButton,Move,671,157
647665974,NoButton,Move,671,157
647665978,NoButton,Move,671,156
647665980,NoButton,Move,671,156
647665983,NoButton,Move,672,156
647665988,NoButton,Move,672,155
647665992,NoButton,Move,673,155
647665994,NoButton,Move,673,154
647665999,NoButton,Move,674,154
647666002,NoButton,Move,674,153
647666008,NoButton,Move,675,153
647666014,NoButton,Move,675,152
647666016,NoButton,Move,675,152
647666018,NoButton,Move,675,151
647666025,NoButton,Move,675,151
647666027,NoButton,Move,676,151
647666029,NoButton,Move,676,150
647666034,NoButton,Move,676,149
647666035,NoButton,Move,676,149
647666038,NoButton,Move,676,149
647666040,NoButton,Move,676,148
647666042,NoButton,Move,677,148
647666047,NoButton,Move,677,148
647666051,NoButton,Move,678,148
647666055,NoButton,Move,678,147
647666058,NoButton,Move,678,147
647666062,NoButton,Move,678,147
647666063,Right,Pressed,678,147
647666064,NoButton,Drag,678,146
647666074,NoButton,Drag,678,145
647666076,NoButton,Drag,679,145
647666084,NoButton,Drag,679,145
647666090,NoButton,Drag,679,144
647666098,NoButton,Drag,679,144
647666101,NoButton,Drag,679,144
647666102,NoButton,Drag,679,143
647666118,NoButton,Drag,679,143
647666158,NoButton,Drag,679,142
647666189,Right,Released,679,142
647666284,NoButton,Move,679,142
647666292,NoButton,Move,679,142
647666294,NoButton,Move,679,142
647666298,NoButton,Move,678,142
647666301,NoButton,Move,677,142
647666304,NoButton,Move,677,142
647666306,NoButton,Move,676,142
647666308,NoButton,Move,676,142
647666310,NoButton,Move,675,142
647666312,NoButton,Move,674,143
647666314,NoButton,Move,673,143
647666317,NoButton,Move,673,143
647666318,NoButton,Move,672,143
647666320,NoButton,Move,671,143
647666322,NoButton,Move,670,144
647666324,NoButton,Move,670,144
647666326,NoButton,Move,669,145
647666330,NoButton,Move,667,145
647666332,NoButton,Move,666,145
647666334,NoButton,Move,665,146
647666336,NoButton,Move,664,146
647666338,NoButton,Move,664,146
647666340,NoButton,Move,662,146
647666342,NoButton,Move,661,147
647666344,NoButton,Move,660,147
647666346,NoButton,Move,658,148
647666348,NoButton,Move,657,148
647666352,NoButton,Move,656,149
647666352,Right,Pressed,656,149
647666354,NoButton,Drag,654,150
647666356,NoButton,Drag,653,150
647666358,NoButton,Drag,652,151
647666360,NoButton,Drag,650,151
647666362,NoButton,Drag,648,151
647666364,NoButton,Drag,646,152
647666367,NoButton,Drag,645,152
647666368,NoButton,Drag,643,153
647666370,NoButton,Drag,641,153
647666372,NoButton,Drag,640,153
647666374,NoButton,Drag,638,154
647666376,NoButton,Drag,636,154
647666378,NoButton,Drag,635,155
647666380,NoButton,Drag,634,155
647666382,NoButton,Drag,632,155
647666384,NoButton,Drag,631,156
647666386,NoButton,Drag,629,156
647666388,NoButton,Drag,627,157
647666390,NoButton,Drag,626,157
647666392,NoButton,Drag,625,158
647666394,NoButton,Drag,623,158
647666396,NoButton,Drag,622,159
647666398,NoButton,Drag,621,159
647666400,NoButton,Drag,619,160
647666402,NoButton,Drag,618,160
647666404,NoButton,Drag,617,160
647666406,NoButton,Drag,615,161
647666408,NoButton,Drag,614,162
647666410,NoButton,Drag,613,162
647666412,NoButton,Drag,611,163
647666414,NoButton,Drag,610,164
647666416,NoButton,Drag,609,164
647666418,NoButton,Drag,607,164
647666420,NoButton,Drag,606,164
647666422,NoButton,Drag,605,165
647666424,NoButton,Drag,603,166
647666426,NoButton,Drag,602,166
647666428,NoButton,Drag,601,167
647666430,NoButton,Drag,599,168
647666432,NoButton,Drag,599,168
647666434,NoButton,Drag,598,168
647666436,NoButton,Drag,597,168
647666438,NoButton,Drag,595,169
647666440,NoButton,Drag,594,170
647666440,Right,Released,594,170
647666442,NoButton,Move,593,171
647666444,NoButton,Move,592,171
647666446,NoButton,Move,591,172
647666448,NoButton,Move,589,173
647666451,NoButton,Move,588,174
647666452,NoButton,Move,587,174
647666454,NoButton,Move,586,175
647666456,NoButton,Move,585,177
647666458,NoButton,Move,584,177
647666460,NoButton,Move,584,178
647666462,NoButton,Move,582,178
647666464,NoButton,Move,581,179
647666466,NoButton,Move,580,180
647666468,NoButton,Move,579,180
647666470,NoButton,Move,578,181
647666472,NoButton,Move,578,182
647666474,NoButton,Move,576,183
647666476,NoButton,Move,576,183
647666478,NoButton,Move,575,185
647666480,NoButton,Move,575,185
647666482,NoButton,Move,573,186
647666484,NoButton,Move,573,186
647666486,NoButton,Move,572,187
647666488,NoButton,Move,572,187
647666490,NoButton,Move,571,189
647666492,NoButton,Move,571,189
647666494,NoButton,Move,570,190
647666496,NoButton,Move,569,190
647666498,NoButton,Move,569,191
647666501,NoButton,Move,568,192
647666504,NoButton,Move,568,192
647666506,NoButton,Move,568,193
647666508,NoButton,Move,568,193
647666510,NoButton,Move,567,193
647666512,NoButton,Move,567,194
647666514,NoButton,Move,567,195
647666518,Right,Pressed,567,195
647666522,NoButton,Drag,567,196
647666526,NoButton,Drag,566,197
647666528,NoButton,Drag,566,197
647666532,NoButton,Drag,566,198
647666535,NoButton,Drag,566,199
647666536,NoButton,Drag,566,199
647666538,NoButton,Drag,565,200
647666542,NoButton,Drag,565,200
647666544,NoButton,Drag,565,201
647666548,NoButton,Drag,565,201
647666553,NoButton,Drag,565,202
647666556,NoButton,Drag,565,203
647666562,NoButton,Drag,565,203
647666568,NoButton,Drag,565,204
647666574,NoButton,Drag,565,204
647666576,NoButton,Drag,565,204
647666580,NoButton,Drag,566,204
647666582,NoButton,Drag,566,204
647666585,NoButton,Drag,567,204
647666586,NoButton,Drag,569,204
647666588,NoButton,Drag,570,204
647666590,NoButton,Drag,571,204
647666592,NoButton,Drag,572,204
647666594,NoButton,Drag,575,204
647666596,NoButton,Drag,577,204
647666597,Right,Released,577,204
647666598,NoButton,Move,579,204
647666601,NoButton,Move,581,204
647666602,NoButton,Move,583,203
647666604,NoButton,Move,585,202
647666606,NoButton,Move,588,202
647666608,NoButton,Move,591,201
647666610,NoButton,Move,593,200
647666612,NoButton,Move,595,200
647666614,NoButton,Move,598,199
647666616,NoButton,Move,601,199
647666618,NoButton,Move,603,198
647666620,NoButton,Move,606,197
647666622,NoButton,Move,610,196
647666624,NoButton,Move,612,196
647666626,NoButton,Move,615,195
647666628,NoButton,Move,618,194
647666630,NoButton,Move,621,193
647666632,NoButton,Move,624,192
647666634,NoButton,Move,627,191
647666636,NoButton,Move,631,190
647666638,NoButton,Move,634,189
647666640,NoButton,Move,637,188
647666642,NoButton,Move,640,188
647666644,NoButton,Move,643,186
647666646,NoButton,Move,648,184
647666648,NoButton,Move,652,183
647666650,NoButton,Move,656,183
647666653,NoButton,Move,661,182
647666654,NoButton,Move,665,181
647666656,NoButton,Move,669,179
647666658,NoButton,Move,674,178
647666660,NoButton,Move,678,177
647666662,NoButton,Move,681,176
647666664,NoButton,Move,686,176
647666666,NoButton,Move,689,175
647666668,NoButton,Move,693,174
647666670,NoButton,Move,696,173
647666672,NoButton,Move,698,173
647666674,NoButton,Move,701,173
647666674,Right,Pressed,701,173
647666676,NoButton,Drag,703,173
647666678,NoButton,Drag,706,173
647666680,NoButton,Drag,708,172
647666682,NoButton,Drag,710,172
647666685,NoButton,Drag,712,172
647666686,NoButton,Drag,713,172
647666688,NoButton,Drag,715,172
647666690,NoButton,Drag,716,172
647666692,NoButton,Drag,717,172
647666694,NoButton,Drag,718,172
647666700,NoButton,Drag,719,172
647666702,NoButton,Drag,720,172
647666706,NoButton,Drag,720,172
647666769,NoButton,Drag,720,171
647666772,Right,Released,720,171
647666788,NoButton,Move,721,171
647666830,NoButton,Move,721,171
647666842,NoButton,Move,721,170
647666846,NoButton,Move,721,170
647666850,NoButton,Move,721,169
647666853,NoButton,Move,721,168
647666854,NoButton,Move,721,168
647666856,NoButton,Move,721,168
647666858,NoButton,Move,720,167
647666860,NoButton,Move,719,167
647666862,NoButton,Move,719,166
647666864,NoButton,Move,718,166
647666866,NoButton,Move,718,165
647666869,NoButton,Move,717,164
647666870,NoButton,Move,717,164
647666872,NoButton,Move,716,163
647666874,NoButton,Move,715,163
647666876,NoButton,Move,715,163
647666878,NoButton,Move,714,162
647666880,NoButton,Move,713,162
647666882,NoButton,Move,712,161
647666884,NoButton,Move,711,160
647666886,NoButton,Move,711,160
647666888,NoButton,Move,709,159
647666890,NoButton,Move,708,159
647666892,NoButton,Move,707,158
647666894,NoButton,Move,705,157
647666896,NoButton,Move,704,156
647666898,NoButton,Move,702,156
647666899,Right,Pressed,702,156
647666900,NoButton,Drag,699,155
647666902,NoButton,Drag,698,154
647666904,NoButton,Drag,696,153
647666906,NoButton,Drag,694,152
647666908,NoButton,Drag,691,151
647666910,NoButton,Drag,689,150
647666912,NoButton,Drag,687,149
647666914,NoButton,Drag,685,148
647666916,NoButton,Drag,683,147
647666919,NoButton,Drag,680,146
647666920,NoButton,Drag,677,145
647666922,NoButton,Drag,674,144
647666924,NoButton,Drag,672,143
647666926,NoButton,Drag,669,142
647666928,NoButton,Drag,667,142
647666930,NoButton,Drag,664,140
647666932,NoButton,Drag,661,139
647666934,NoButton,Drag,659,139
647666936,NoButton,Drag,657,138
647666938,NoButton,Drag,655,137
647666940,NoButton,Drag,653,136
647666942,NoButton,Drag,650,136
647666944,NoButton,Drag,648,135
647666946,NoButton,Drag,646,135
647666948,NoButton,Drag,644,134
647666950,NoButton,Drag,642,133
647666953,NoButton,Drag,640,133
647666954,NoButton,Drag,638,133
647666956,NoButton,Drag,637,132
647666958,NoButton,Drag,636,132
647666960,NoButton,Drag,634,132
647666962,NoButton,Drag,633,132
647666974,NoButton,Drag,632,132
647666976,NoButton,Drag,630,132
647666978,NoButton,Drag,629,131
647666980,NoButton,Drag,628,131
647666982,NoButton,Drag,626,131
647666986,NoButton,Drag,625,131
647666988,NoButton,Drag,625,131
647666988,Right,Released,625,131
647667022,NoButton,Move,624,131
647667044,NoButton,Move,623,131
647667062,NoButton,Move,623,131
647667064,Right,Pressed,623,131
647667068,NoButton,Drag,622,131
647667074,NoButton,Drag,622,131
647667076,NoButton,Drag,621,131
647667080,NoButton,Drag,621,131
647667088,NoButton,Drag,620,132
647667092,NoButton,Drag,620,132
647667096,NoButton,Drag,619,132
647667100,NoButton,Drag,619,133
647667103,NoButton,Drag,618,133
647667104,NoButton,Drag,618,133
647667108,NoButton,Drag,617,133
647667110,NoButton,Drag,617,134
647667114,NoButton,Drag,617,134
647667116,NoButton,Drag,616,134
647667118,NoButton,Drag,616,135
647667124,NoButton,Drag,615,136
647667126,NoButton,Drag,614,136
647667130,NoButton,Drag,614,136
647667134,NoButton,Drag,614,137
647667138,NoButton,Drag,614,137
647667140,NoButton,Drag,613,137
647667142,NoButton,Drag,613,137
647667144,NoButton,Drag,612,137
647667150,NoButton,Drag,612,137
647667152,NoButton,Drag,611,138
647667158,NoButton,Drag,610,138
647667160,NoButton,Drag,610,139
647667164,NoButton,Drag,609,139
647667168,NoButton,Drag,609,140
647667176,Right,Released,609,140
647667190,NoButton,Move,608,140
647667192,NoButton,Move,608,140
647667194,NoButton,Move,607,141
647667196,NoButton,Move,606,141
647667200,NoButton,Move,605,142
647667202,NoButton,Move,605,142
647667204,NoButton,Move,605,143
647667206,NoButton,Move,604,144
647667208,NoButton,Move,603,144
647667210,NoButton,Move,603,144
647667212,NoButton,Move,602,144
647667214,NoButton,Move,602,145
647667216,NoButton,Move,602,145
647667218,NoButton,Move,601,145
647667220,NoButton,Move,601,146
647667222,NoButton,Move,601,146
647667226,NoButton,Move,600,146
647667228,NoButton,Move,599,146
647667230,NoButton,Move,599,147
647667240,NoButton,Move,599,148
647667246,NoButton,Move,598,148
647667254,NoButton,Move,598,149
647667256,NoButton,Move,598,149
647667266,NoButton,Move,597,149
647667278,NoButton,Move,597,149
647667280,NoButton,Move,597,150
647667287,NoButton,Move,597,150
647667288,NoButton,Move,596,150
647667289,Right,Pressed,596,150
647667292,NoButton,Drag,596,151
647667296,NoButton,Drag,595,152
647667300,NoButton,Drag,594,152
647667304,NoButton,Drag,594,152
647667306,NoButton,Drag,593,153
647667310,NoButton,Drag,593,153
647667312,NoButton,Drag,593,153
647667314,NoButton,Drag,593,154
647667316,NoButton,Drag,592,154
647667318,NoButton,Drag,592,154
647667321,NoButton,Drag,592,154
647667322,NoButton,Drag,591,155
647667326,NoButton,Drag,591,156
647667328,NoButton,Drag,590,156
647667332,NoButton,Drag,590,157
647667334,NoButton,Drag,589,157
647667336,NoButton,Drag,589,157
647667339,NoButton,Drag,589,158
647667340,NoButton,Drag,589,158
647667342,NoButton,Drag,589,158
647667344,NoButton,Drag,588,159
647667346,NoButton,Drag,588,160
647667348,NoButton,Drag,588,160
647667350,NoButton,Drag,588,161
647667352,NoButton,Drag,587,161
647667354,NoButton,Drag,586,161
647667358,NoButton,Drag,586,162
647667359,NoButton,Drag,586,162
647667362,NoButton,Drag,586,163
647667376,NoButton,Drag,586,163
647667378,NoButton,Drag,586,164
647667380,NoButton,Drag,586,165
647667381,Right,Released,586,165
647667382,NoButton,Move,586,166
647667384,NoButton,Move,586,166
647667386,NoButton,Move,586,167
647667388,NoButton,Move,586,168
647667392,NoButton,Move,586,169
647667394,NoButton,Move,586,170
647667396,NoButton,Move,586,171
647667398,NoButton,Move,586,172
647667402,NoButton,Move,586,172
647667404,NoButton,Move,586,173
647667406,NoButton,Move,587,174
647667408,NoButton,Move,587,175
647667410,NoButton,Move,587,175
647667412,NoButton,Move,588,176
647667414,NoButton,Move,588,176
647667416,NoButton,Move,589,177
647667418,NoButton,Move,589,178
647667421,NoButton,Move,589,178
647667423,NoButton,Move,590,178
647667424,NoButton,Move,591,179
647667426,NoButton,Move,591,179
647667428,NoButton,Move,592,179
647667430,NoButton,Move,592,179
647667432,NoButton,Move,592,180
647667434,NoButton,Move,593,180
647667436,NoButton,Move,593,180
647667440,NoButton,Move,594,180
647667444,NoButton,Move,595,180
647667448,NoButton,Move,595,180
647667450,NoButton,Move,596,180
647667452,NoButton,Move,596,180
647667455,NoButton,Move,596,181
647667462,NoButton,Move,597,181
647667473,Right,Pressed,597,181
647667558,NoButton,Drag,597,182
647667562,NoButton,Drag,597,182
647667568,NoButton,Drag,597,183
647667574,NoButton,Drag,597,183
647667578,NoButton,Drag,597,184
647667586,NoButton,Drag,597,184
647667588,NoButton,Drag,597,185
647667594,NoButton,Drag,597,185
647667600,Right,Released,597,185
647667602,NoButton,Move,597,186
647667606,NoButton,Move,597,187
647667608,NoButton,Move,597,187
647667614,NoButton,Move,597,188
647667620,NoButton,Move,597,188
647667630,NoButton,Move,597,189
647667636,NoButton,Move,597,189
647667642,NoButton,Move,597,190
647667668,NoButton,Move,597,191
647667670,NoButton,Move,597,191
647667678,Right,Pressed,597,191
647667682,NoButton,Drag,597,192
647667694,NoButton,Drag,597,192
647667702,NoButton,Drag,597,193
647667708,NoButton,Drag,597,193
647667724,NoButton,Drag,597,194
647667736,NoButton,Drag,597,195
647667744,NoButton,Drag,597,195
647667752,Right,Released,597,195
647667762,NoButton,Move,597,196
647667764,NoButton,Move,597,196
647667766,NoButton,Move,597,196
647667768,NoButton,Move,597,196
647667772,NoButton,Move,598,196
647667777,NoButton,Move,599,196
647667778,NoButton,Move,600,196
647667780,NoButton,Move,600,196
647667782,NoButton,Move,602,196
647667784,NoButton,Move,602,196
647667786,NoButton,Move,603,196
647667789,NoButton,Move,604,196
647667790,NoButton,Move,605,196
647667792,NoButton,Move,606,195
647667793,NoButton,Move,607,195
647667795,NoButton,Move,608,194
647667797,NoButton,Move,610,194
647667799,NoButton,Move,611,193
647667801,NoButton,Move,612,192
647667803,NoButton,Move,613,192
647667806,NoButton,Move,614,192
647667808,NoButton,Move,616,191
647667809,NoButton,Move,618,190
647667812,NoButton,Move,620,189
647667813,NoButton,Move,621,189
647667817,NoButton,Move,623,188
647667817,NoButton,Move,625,187
647667819,NoButton,Move,626,186
647667822,NoButton,Move,628,185
647667824,NoButton,Move,630,184
647667825,NoButton,Move,631,183
647667829,NoButton,Move,633,182
647667831,NoButton,Move,635,180
647667832,NoButton,Move,636,179
647667834,NoButton,Move,639,178
647667836,NoButton,Move,640,177
647667840,NoButton,Move,642,175
647667841,NoButton,Move,644,174
647667842,NoButton,Move,646,172
647667845,NoButton,Move,648,171
647667846,NoButton,Move,650,169
647667848,NoButton,Move,652,168
647667850,NoButton,Move,654,166
647667852,NoButton,Move,656,165
647667854,NoButton,Move,659,164
647667857,NoButton,Move,660,163
647667859,NoButton,Move,662,161
647667860,NoButton,Move,664,160
647667862,NoButton,Move,665,159
647667864,NoButton,Move,667,157
647667866,NoButton,Move,669,157
647667868,NoButton,Move,670,155
647667870,NoButton,Move,671,155
647667873,NoButton,Move,672,153
647667874,NoButton,Move,673,153
647667876,NoButton,Move,674,152
647667878,NoButton,Move,674,152
647667880,NoButton,Move,675,151
647667882,NoButton,Move,676,150
647667884,NoButton,Move,676,150
647667886,NoButton,Move,677,149
647667890,NoButton,Move,677,149
647667891,NoButton,Move,677,149
647667892,Right,Pressed,677,149
647667893,NoButton,Drag,678,149
647667894,NoButton,Drag,678,148
647667900,NoButton,Drag,678,148
647667902,NoButton,Drag,679,148
647667926,NoButton,Drag,679,147
647667952,NoButton,Drag,679,146
647667961,NoButton,Drag,680,146
647667966,NoButton,Drag,680,145
647667996,NoButton,Drag,680,145
647668002,NoButton,Drag,680,144
647668004,Right,Released,680,144
647668008,NoButton,Move,680,144
647668018,NoButton,Move,680,143
647668024,NoButton,Move,680,142
647668028,NoButton,Move,680,142
647668032,NoButton,Move,680,141
647668034,NoButton,Move,680,141
647668038,NoButton,Move,680,140
647668041,NoButton,Move,680,140
647668044,NoButton,Move,680,139
647668046,NoButton,Move,680,138
647668048,NoButton,Move,680,138
647668050,NoButton,Move,680,137
647668052,NoButton,Move,680,137
647668054,NoButton,Move,680,136
647668058,NoButton,Move,680,135
647668060,NoButton,Move,680,134
647668062,NoButton,Move,680,133
647668064,NoButton,Move,680,132
647668066,NoButton,Move,680,131
647668070,NoButton,Move,680,131
647668073,NoButton,Move,680,130
647668074,NoButton,Move,681,129
647668076,NoButton,Move,681,128
647668078,NoButton,Move,681,127
647668082,NoButton,Move,681,126
647668084,NoButton,Move,682,125
647668086,NoButton,Move,682,124
647668088,NoButton,Move,682,124
647668090,NoButton,Move,682,123
647668092,NoButton,Move,683,122
647668094,NoButton,Move,683,121
647668094,Right,Pressed,683,121
647668098,NoButton,Drag,683,120
647668100,NoButton,Drag,684,120
647668102,NoButton,Drag,684,119
647668104,NoButton,Drag,684,118
647668107,NoButton,Drag,684,118
647668108,NoButton,Drag,684,117
647668110,NoButton,Drag,685,117
647668112,NoButton,Drag,685,116
647668114,NoButton,Drag,685,116
647668116,NoButton,Drag,686,115
647668120,NoButton,Drag,687,114
647668123,NoButton,Drag,687,114
647668124,NoButton,Drag,687,113
647668128,NoButton,Drag,688,113
647668130,NoButton,Drag,688,112
647668132,NoButton,Drag,688,112
647668134,NoButton,Drag,689,112
647668136,NoButton,Drag,689,111
647668138,NoButton,Drag,689,111
647668140,NoButton,Drag,690,110
647668142,NoButton,Drag,690,110
647668144,NoButton,Drag,691,110
647668146,NoButton,Drag,691,110
647668148,NoButton,Drag,691,109
647668150,NoButton,Drag,692,109
647668152,NoButton,Drag,692,109
647668156,NoButton,Drag,693,108
647668158,NoButton,Drag,693,108
647668161,NoButton,Drag,694,108
647668162,NoButton,Drag,694,107
647668164,NoButton,Drag,695,107
647668166,NoButton,Drag,695,106
647668168,NoButton,Drag,696,106
647668170,NoButton,Drag,696,106
647668172,NoButton,Drag,697,106
647668174,NoButton,Drag,697,105
647668176,NoButton,Drag,698,105
647668178,NoButton,Drag,699,105
647668180,NoButton,Drag,699,105
647668182,NoButton,Drag,700,104
647668184,NoButton,Drag,700,104
647668186,NoButton,Drag,701,104
647668186,Right,Released,701,104
647668191,NoButton,Move,701,103
647668192,NoButton,Move,702,103
647668194,NoButton,Move,703,103
647668196,NoButton,Move,704,103
647668198,NoButton,Move,704,102
647668200,NoButton,Move,706,102
647668202,NoButton,Move,706,102
647668204,NoButton,Move,707,102
647668207,NoButton,Move,708,102
647668208,NoButton,Move,709,102
647668210,NoButton,Move,710,102
647668212,NoButton,Move,710,102
647668214,NoButton,Move,711,102
647668216,NoButton,Move,712,102
647668218,NoButton,Move,713,102
647668220,NoButton,Move,713,102
647668222,NoButton,Move,714,102
647668224,NoButton,Move,715,102
647668226,NoButton,Move,715,102
647668229,NoButton,Move,716,102
647668230,NoButton,Move,717,102
647668232,NoButton,Move,718,102
647668234,NoButton,Move,718,102
647668236,NoButton,Move,719,102
647668238,NoButton,Move,720,102
647668240,NoButton,Move,721,102
647668242,NoButton,Move,721,102
647668244,NoButton,Move,722,102
647668246,NoButton,Move,722,102
647668248,NoButton,Move,723,102
647668250,NoButton,Move,724,102
647668252,NoButton,Move,724,102
647668254,NoButton,Move,725,102
647668258,NoButton,Move,725,102
647668262,NoButton,Move,726,102
647668266,NoButton,Move,726,102
647668268,Right,Pressed,726,102
647668280,NoButton,Drag,727,102
647668290,NoButton,Drag,728,102
647668294,NoButton,Drag,728,102
647668298,NoButton,Drag,729,102
647668302,NoButton,Drag,729,102
647668306,NoButton,Drag,730,102
647668308,NoButton,Drag,731,101
647668311,NoButton,Drag,732,101
647668312,NoButton,Drag,732,101
647668314,NoButton,Drag,733,101
647668316,NoButton,Drag,734,100
647668318,NoButton,Drag,735,100
647668320,NoButton,Drag,737,99
647668322,NoButton,Drag,738,99
647668324,NoButton,Drag,739,98
647668326,NoButton,Drag,741,97
647668328,NoButton,Drag,743,97
647668330,NoButton,Drag,745,96
647668332,NoButton,Drag,748,95
647668334,NoButton,Drag,751,94
647668336,NoButton,Drag,754,94
647668338,NoButton,Drag,759,92
647668341,NoButton,Drag,763,91
647668342,NoButton,Drag,769,89
647668342,Right,Released,769,89
647668344,NoButton,Move,775,87
647668346,NoButton,Move,782,86
647668348,NoButton,Move,789,84
647668350,NoButton,Move,797,82
647668352,NoButton,Move,806,80
647668354,NoButton,Move,816,78
647668356,NoButton,Move,827,76
647668358,NoButton,Move,839,73
647668360,NoButton,Move,851,71
647668362,NoButton,Move,865,68
647668364,NoButton,Move,878,66
647668366,NoButton,Move,893,63
647668368,NoButton,Move,912,59
647668370,NoButton,Move,933,55
647668372,NoButton,Move,951,51
647668375,NoButton,Move,975,47
647668376,NoButton,Move,998,44
647668378,NoButton,Move,1024,39
647668380,NoButton,Move,1051,35
647668382,NoButton,Move,1079,31
647668384,NoButton,Move,1105,28
647668386,NoButton,Move,1130,25
647668388,NoButton,Move,1159,21
647668391,NoButton,Move,1188,16
647668392,NoButton,Move,1220,11
647668394,NoButton,Move,1251,6
647668396,NoButton,Move,1282,3
647668398,NoButton,Move,1316,-3
647668400,NoButton,Move,1347,-3
647668402,NoButton,Move,1378,-3
647668404,NoButton,Move,1396,-3
647668406,NoButton,Move,1396,-4
647668408,NoButton,Move,1396,-3
647668410,NoButton,Move,1396,-2
647668412,NoButton,Move,1392,-1
647668414,NoButton,Move,1391,-2
647668416,NoButton,Move,1396,-3
647668418,NoButton,Move,1392,-1
647668420,NoButton,Move,1393,-2
647668422,NoButton,Move,1391,-3
647668425,NoButton,Move,1387,-1
647668426,NoButton,Move,1391,-3
647668428,NoButton,Move,1385,-2
647668430,NoButton,Move,1385,-1
647668432,NoButton,Move,1385,-1
647668434,NoButton,Move,1382,-2
647668436,NoButton,Move,1378,-1
647668438,NoButton,Move,1377,-1
647668441,NoButton,Move,1377,-1
647668442,NoButton,Move,1377,-1
647668444,NoButton,Move,1377,-1
647668446,NoButton,Move,1375,-1
647668448,NoButton,Move,1374,-1
647668450,NoButton,Move,1375,-1
647668452,NoButton,Move,1373,-1
647668454,NoButton,Move,1372,0
647668456,NoButton,Move,1371,0
647668458,NoButton,Move,1370,0
647668460,NoButton,Move,1369,0
647668462,NoButton,Move,1368,0
647668464,NoButton,Move,1368,0
647668466,NoButton,Move,1367,0
647668468,NoButton,Move,1366,0
647668470,NoButton,Move,1366,0
647668484,NoButton,Move,1365,0
647668486,NoButton,Move,1365,0
647668491,NoButton,Move,1364,0
647668492,NoButton,Move,1363,0
647668494,NoButton,Move,1361,0
647668496,NoButton,Move,1360,1
647668498,NoButton,Move,1358,2
647668500,NoButton,Move,1356,2
647668502,NoButton,Move,1353,4
647668504,NoButton,Move,1351,5
647668506,NoButton,Move,1348,6
647668508,NoButton,Move,1345,8
647668510,NoButton,Move,1341,9
647668512,NoButton,Move,1337,10
647668514,NoButton,Move,1333,12
647668516,NoButton,Move,1328,14
647668518,NoButton,Move,1324,16
647668520,NoButton,Move,1319,18
647668522,NoButton,Move,1314,20
647668525,NoButton,Move,1309,22
647668526,NoButton,Move,1303,24
647668528,NoButton,Move,1297,26
647668530,NoButton,Move,1290,29
647668532,NoButton,Move,1283,31
647668534,NoButton,Move,1276,33
647668536,NoButton,Move,1269,36
647668538,NoButton,Move,1263,38
647668540,NoButton,Move,1256,41
647668542,NoButton,Move,1249,43
647668544,NoButton,Move,1240,45
647668546,NoButton,Move,1232,48
647668548,NoButton,Move,1225,50
647668550,NoButton,Move,1218,52
647668552,NoButton,Move,1210,56
647668554,NoButton,Move,1201,58
647668556,NoButton,Move,1193,60
647668558,NoButton,Move,1185,63
647668560,NoButton,Move,1176,65
647668562,NoButton,Move,1168,68
647668564,NoButton,Move,1160,70
647668566,NoButton,Move,1151,72
647668568,NoButton,Move,1143,74
647668570,NoButton,Move,1135,76
647668572,NoButton,Move,1127,78
647668575,NoButton,Move,1118,81
647668576,NoButton,Move,1109,83
647668578,NoButton,Move,1099,85
647668580,NoButton,Move,1090,87
647668582,NoButton,Move,1081,89
647668584,NoButton,Move,1073,92
647668586,NoButton,Move,1063,94
647668588,NoButton,Move,1054,96
647668590,NoButton,Move,1045,98
647668592,NoButton,Move,1037,101
647668594,NoButton,Move,1029,103
647668596,NoButton,Move,1019,105
647668598,NoButton,Move,1011,107
647668600,NoButton,Move,1003,108
647668602,NoButton,Move,995,110
647668604,NoButton,Move,985,112
647668606,NoButton,Move,977,113
647668608,NoButton,Move,969,115
647668610,NoButton,Move,959,117
647668612,NoButton,Move,951,119
647668614,NoButton,Move,942,121
647668616,NoButton,Move,934,122
647668618,NoButton,Move,926,124
647668620,NoButton,Move,918,127
647668622,NoButton,Move,910,128
647668625,NoButton,Move,901,130
647668626,NoButton,Move,893,131
647668628,NoButton,Move,885,132
647668630,NoButton,Move,877,133
647668632,NoButton,Move,868,135
647668632,Right,Pressed,868,135
647668634,NoButton,Drag,860,136
647668636,NoButton,Drag,853,137
647668638,NoButton,Drag,847,138
647668640,NoButton,Drag,840,139
647668642,NoButton,Drag,833,140
647668644,NoButton,Drag,826,141
647668646,NoButton,Drag,819,142
647668648,NoButton,Drag,813,143
647668650,NoButton,Drag,808,143
647668652,NoButton,Drag,803,143
647668654,NoButton,Drag,797,144
647668656,NoButton,Drag,793,144
647668659,NoButton,Drag,789,144
647668660,NoButton,Drag,784,144
647668662,NoButton,Drag,781,144
647668664,NoButton,Drag,778,144
647668666,NoButton,Drag,775,144
647668668,NoButton,Drag,773,144
647668670,NoButton,Drag,771,144
647668672,NoButton,Drag,769,144
647668674,NoButton,Drag,767,144
647668676,NoButton,Drag,765,144
647668678,NoButton,Drag,763,144
647668680,NoButton,Drag,762,144
647668682,NoButton,Drag,761,144
647668684,NoButton,Drag,760,144
647668686,NoButton,Drag,760,144
647668688,NoButton,Drag,759,144
647668690,NoButton,Drag,759,145
647668692,NoButton,Drag,758,145
647668702,Right,Released,758,145
647668740,NoButton,Move,757,145
647668752,NoButton,Move,757,145
647668770,NoButton,Move,756,145
647668788,NoButton,Move,756,145
647668790,NoButton,Move,755,145
647668804,NoButton,Move,755,145
647668810,NoButton,Move,754,145
647668816,Right,Pressed,754,145
647668822,NoButton,Drag,753,144
647668830,NoButton,Drag,753,144
647668840,NoButton,Drag,752,144
647668843,NoButton,Drag,752,144
647668850,NoButton,Drag,751,144
647668854,NoButton,Drag,751,144
647668860,NoButton,Drag,750,144
647668864,NoButton,Drag,749,144
647668870,NoButton,Drag,749,144
647668878,NoButton,Drag,748,144
647668886,NoButton,Drag,748,144
647668893,NoButton,Drag,747,144
647668896,NoButton,Drag,747,144
647668900,NoButton,Drag,746,144
647668902,NoButton,Drag,745,144
647668906,NoButton,Drag,745,145
647668908,NoButton,Drag,744,145
647668910,NoButton,Drag,744,145
647668914,NoButton,Drag,743,146
647668918,NoButton,Drag,742,146
647668920,NoButton,Drag,741,146
647668921,Right,Released,741,146
647668922,NoButton,Move,741,147
647668924,NoButton,Move,740,147
647668926,NoButton,Move,739,147
647668929,NoButton,Move,738,148
647668930,NoButton,Move,736,149
647668932,NoButton,Move,735,149
647668934,NoButton,Move,734,150
647668936,NoButton,Move,732,151
647668938,NoButton,Move,731,151
647668940,NoButton,Move,729,153
647668943,NoButton,Move,727,154
647668945,NoButton,Move,724,154
647668946,NoButton,Move,722,156
647668948,NoButton,Move,720,157
647668950,NoButton,Move,718,158
647668952,NoButton,Move,715,159
647668954,NoButton,Move,713,160
647668956,NoButton,Move,710,162
647668958,NoButton,Move,707,163
647668962,NoButton,Move,701,165
647668964,NoButton,Move,697,166
647668966,NoButton,Move,694,167
647668968,NoButton,Move,691,169
647668970,NoButton,Move,688,171
647668972,NoButton,Move,684,172
647668974,NoButton,Move,680,173
647668978,NoButton,Move,677,175
647668979,NoButton,Move,674,176
647668980,NoButton,Move,669,178
647668982,NoButton,Move,665,178
647668984,NoButton,Move,659,180
647668987,NoButton,Move,655,181
647668988,NoButton,Move,650,183
647668991,NoButton,Move,646,184
647668993,NoButton,Move,641,185
647668994,NoButton,Move,637,186
647668996,NoButton,Move,633,186
647668999,NoButton,Move,628,187
647669001,NoButton,Move,623,187
647669002,NoButton,Move,619,188
647669004,NoButton,Move,613,188
647669006,NoButton,Move,609,189
647669008,NoButton,Move,603,190
647669011,NoButton,Move,598,191
647669012,NoButton,Move,592,192
647669014,NoButton,Move,587,192
647669016,NoButton,Move,581,192
647669018,NoButton,Move,576,193
647669020,NoButton,Move,570,193
647669022,NoButton,Move,565,193
647669024,NoButton,Move,559,194
647669027,NoButton,Move,554,194
647669028,NoButton,Move,548,195
647669030,NoButton,Move,543,195
647669032,NoButton,Move,537,195
647669034,NoButton,Move,533,195
647669036,NoButton,Move,528,196
647669038,NoButton,Move,523,196
647669040,NoButton,Move,519,196
647669042,NoButton,Move,515,196
647669044,NoButton,Move,510,196
647669046,NoButton,Move,506,196
647669048,NoButton,Move,501,197
647669050,NoButton,Move,497,197
647669052,NoButton,Move,494,197
647669054,NoButton,Move,491,197
647669056,NoButton,Move,487,197
647669058,NoButton,Move,484,197
647669060,NoButton,Move,481,197
647669063,NoButton,Move,479,197
647669064,NoButton,Move,477,198
647669066,NoButton,Move,475,198
647669068,NoButton,Move,472,198
647669070,NoButton,Move,470,198
647669072,NoButton,Move,468,198
647669074,NoButton,Move,467,198
647669077,NoButton,Move,465,199
647669078,NoButton,Move,463,199
647669080,NoButton,Move,463,199
647669082,NoButton,Move,462,199
647669084,NoButton,Move,461,199
647669086,NoButton,Move,460,199
647669088,NoButton,Move,460,199
647669089,Right,Pressed,460,199
647669090,NoButton,Drag,459,199
647669092,NoButton,Drag,459,199
647669098,NoButton,Drag,458,200
647669162,NoButton,Drag,458,201
647669190,NoButton,Drag,458,201
647669194,Right,Released,458,201
647669196,NoButton,Move,458,202
647669200,NoButton,Move,457,202
647669206,NoButton,Move,457,203
647669208,NoButton,Move,457,203
647669212,NoButton,Move,457,204
647669218,NoButton,Move,457,204
647669220,NoButton,Move,457,205
647669228,NoButton,Move,457,206
647669232,NoButton,Move,457,206
647669238,NoButton,Move,457,207
647669242,NoButton,Move,457,207
647669244,NoButton,Move,457,207
647669248,NoButton,Move,458,207
647669250,NoButton,Move,458,208
647669256,NoButton,Move,458,208
647669258,NoButton,Move,458,208
647669262,NoButton,Move,458,209
647669266,NoButton,Move,458,210
647669270,NoButton,Move,459,210
647669272,NoButton,Move,459,210
647669274,NoButton,Move,459,210
647669281,NoButton,Move,459,211
647669286,NoButton,Move,459,211
647669298,NoButton,Move,459,212
647669299,Right,Pressed,459,212
647669306,NoButton,Drag,459,213
647669316,NoButton,Drag,459,214
647669322,NoButton,Drag,459,214
647669328,NoButton,Drag,459,215
647669336,NoButton,Drag,459,215
647669340,NoButton,Drag,459,216
647669342,NoButton,Drag,459,216
647669348,NoButton,Drag,459,217
647669350,NoButton,Drag,459,218
647669356,NoButton,Drag,460,218
647669358,NoButton,Drag,460,219
647669362,NoButton,Drag,460,219
647669366,NoButton,Drag,461,220
647669368,NoButton,Drag,461,220
647669370,NoButton,Drag,461,221
647669372,NoButton,Drag,461,221
647669374,NoButton,Drag,461,222
647669376,NoButton,Drag,461,222
647669378,NoButton,Drag,462,223
647669382,NoButton,Drag,462,223
647669384,NoButton,Drag,463,224
647669386,NoButton,Drag,463,224
647669387,Right,Released,463,224
647669388,NoButton,Move,464,225
647669390,NoButton,Move,465,226
647669392,NoButton,Move,465,226
647669395,NoButton,Move,466,227
647669396,NoButton,Move,467,227
647669398,NoButton,Move,468,228
647669402,NoButton,Move,470,229
647669404,NoButton,Move,470,230
647669406,NoButton,Move,471,230
647669408,NoButton,Move,471,231
647669410,NoButton,Move,473,232
647669412,NoButton,Move,474,232
647669414,NoButton,Move,475,233
647669416,NoButton,Move,477,234
647669418,NoButton,Move,478,234
647669420,NoButton,Move,479,234
647669422,NoButton,Move,481,235
647669424,NoButton,Move,482,236
647669426,NoButton,Move,484,237
647669428,NoButton,Move,486,237
647669430,NoButton,Move,488,238
647669432,NoButton,Move,489,239
647669434,NoButton,Move,491,239
647669436,NoButton,Move,493,240
647669438,NoButton,Move,494,241
647669440,NoButton,Move,496,241
647669442,NoButton,Move,498,242
647669444,NoButton,Move,499,243
647669446,NoButton,Move,501,243
647669448,NoButton,Move,503,243
647669451,NoButton,Move,505,244
647669452,NoButton,Move,507,245
647669454,NoButton,Move,508,245
647669456,NoButton,Move,510,246
647669458,NoButton,Move,512,246
647669460,NoButton,Move,514,246
647669463,NoButton,Move,515,247
647669464,NoButton,Move,518,248
647669466,NoButton,Move,519,248
647669468,NoButton,Move,520,249
647669470,NoButton,Move,522,249
647669472,NoButton,Move,524,250
647669474,NoButton,Move,526,250
647669476,NoButton,Move,527,251
647669478,NoButton,Move,529,251
647669480,NoButton,Move,530,251
647669482,NoButton,Move,531,252
647669484,NoButton,Move,533,252
647669486,NoButton,Move,534,252
647669488,NoButton,Move,535,252
647669490,NoButton,Move,536,253
647669492,NoButton,Move,538,253
647669495,NoButton,Move,539,253
647669496,NoButton,Move,540,254
647669498,NoButton,Move,541,254
647669500,NoButton,Move,541,254
647669502,NoButton,Move,543,254
647669504,NoButton,Move,544,254
647669508,NoButton,Move,545,254
647669512,NoButton,Move,546,255
647669514,NoButton,Move,546,255
647669518,NoButton,Move,547,255
647669520,NoButton,Move,548,255
647669522,Right,Pressed,548,255
647669526,NoButton,Drag,548,256
647669529,NoButton,Drag,549,256
647669531,NoButton,Drag,549,256
647669545,NoButton,Drag,549,256
647669568,NoButton,Drag,550,256
647669574,NoButton,Drag,550,256
647669576,NoButton,Drag,550,257
647669579,NoButton,Drag,551,257
647669584,NoButton,Drag,551,257
647669586,NoButton,Drag,552,257
647669588,NoButton,Drag,552,257
647669592,NoButton,Drag,553,257
647669594,NoButton,Drag,554,258
647669596,NoButton,Drag,555,258
647669600,NoButton,Drag,556,258
647669602,NoButton,Drag,557,258
647669604,NoButton,Drag,558,258
647669606,NoButton,Drag,559,259
647669608,NoButton,Drag,560,259
647669610,NoButton,Drag,561,259
647669610,Right,Released,561,259
647669613,NoButton,Move,563,259
647669614,NoButton,Move,565,260
647669616,NoButton,Move,566,261
647669618,NoButton,Move,569,261
647669620,NoButton,Move,570,261
647669622,NoButton,Move,572,262
647669624,NoButton,Move,574,262
647669626,NoButton,Move,576,262
647669629,NoButton,Move,578,262
647669630,NoButton,Move,581,263
647669632,NoButton,Move,583,263
647669634,NoButton,Move,585,264
647669636,NoButton,Move,588,264
647669638,NoButton,Move,591,264
647669640,NoButton,Move,594,265
647669642,NoButton,Move,596,265
647669644,NoButton,Move,598,265
647669646,NoButton,Move,600,266
647669648,NoButton,Move,602,266
647669650,NoButton,Move,604,267
647669652,NoButton,Move,606,267
647669654,NoButton,Move,608,267
647669656,NoButton,Move,610,267
647669658,NoButton,Move,613,267
647669660,NoButton,Move,615,267
647669663,NoButton,Move,617,267
647669664,NoButton,Move,619,268
647669666,NoButton,Move,621,268
647669668,NoButton,Move,623,268
647669670,NoButton,Move,626,269
647669672,NoButton,Move,628,269
647669674,NoButton,Move,629,269
647669676,NoButton,Move,631,269
647669678,NoButton,Move,633,270
647669680,NoButton,Move,635,270
647669682,NoButton,Move,637,271
647669684,NoButton,Move,638,271
647669686,NoButton,Move,640,271
647669688,NoButton,Move,642,271
647669690,NoButton,Move,644,271
647669692,NoButton,Move,645,271
647669694,NoButton,Move,646,272
647669697,NoButton,Move,648,272
647669698,NoButton,Move,649,272
647669700,NoButton,Move,650,272
647669702,NoButton,Move,651,272
647669704,NoButton,Move,652,272
647669706,NoButton,Move,653,272
647669706,Right,Pressed,653,272
647669708,NoButton,Drag,654,272
647669712,NoButton,Drag,654,272
647669714,NoButton,Drag,655,272
647669716,NoButton,Drag,656,273
647669720,NoButton,Drag,656,273
647669788,NoButton,Drag,657,273
647669790,NoButton,Drag,657,273
647669794,NoButton,Drag,658,273
647669797,NoButton,Drag,658,273
647669800,NoButton,Drag,659,273
647669802,NoButton,Drag,660,273
647669802,Right,Released,660,273
647669804,NoButton,Move,660,273
647669806,NoButton,Move,661,273
647669808,NoButton,Move,661,273
647669810,NoButton,Move,662,273
647669813,NoButton,Move,663,273
647669814,NoButton,Move,664,273
647669816,NoButton,Move,665,273
647669818,NoButton,Move,666,273
647669820,NoButton,Move,667,273
647669822,NoButton,Move,669,273
647669824,NoButton,Move,670,273
647669826,NoButton,Move,671,273
647669828,NoButton,Move,673,273
647669830,NoButton,Move,674,273
647669832,NoButton,Move,675,273
647669834,NoButton,Move,677,273
647669836,NoButton,Move,678,273
647669838,NoButton,Move,680,272
647669840,NoButton,Move,681,272
647669842,NoButton,Move,683,272
647669844,NoButton,Move,685,272
647669847,NoButton,Move,686,272
647669848,NoButton,Move,688,272
647669850,NoButton,Move,690,272
647669852,NoButton,Move,693,271
647669854,NoButton,Move,695,270
647669856,NoButton,Move,696,270
647669858,NoButton,Move,698,270
647669860,NoButton,Move,700,269
647669863,NoButton,Move,703,269
647669864,NoButton,Move,705,269
647669866,NoButton,Move,707,269
647669868,NoButton,Move,709,268
647669870,NoButton,Move,711,268
647669872,NoButton,Move,713,267
647669874,NoButton,Move,715,267
647669876,NoButton,Move,717,266
647669878,NoButton,Move,719,266
647669880,NoButton,Move,721,266
647669882,NoButton,Move,723,265
647669884,NoButton,Move,726,265
647669886,NoButton,Move,727,265
647669888,NoButton,Move,729,264
647669890,NoButton,Move,731,264
647669892,NoButton,Move,732,264
647669894,NoButton,Move,734,263
647669897,NoButton,Move,735,263
647669898,NoButton,Move,737,262
647669900,NoButton,Move,739,262
647669902,NoButton,Move,740,262
647669904,NoButton,Move,742,261
647669904,Right,Pressed,742,261
647669906,NoButton,Drag,743,261
647669908,NoButton,Drag,743,260
647669910,NoButton,Drag,744,260
647669913,NoButton,Drag,746,260
647669914,NoButton,Drag,746,260
647669916,NoButton,Drag,748,260
647669918,NoButton,Drag,749,259
647669920,NoButton,Drag,749,259
647669924,NoButton,Drag,750,258
647669928,NoButton,Drag,751,258
647669930,NoButton,Drag,751,258
647669934,NoButton,Drag,752,258
647669936,NoButton,Drag,752,258
647669942,NoButton,Drag,753,257
647669944,NoButton,Drag,753,257
647669952,NoButton,Drag,754,257
647669964,NoButton,Drag,754,257
647669968,NoButton,Drag,755,257
647669972,NoButton,Drag,755,257
647669982,NoButton,Drag,755,256
647669986,NoButton,Drag,756,256
647669992,NoButton,Drag,756,256
647670006,NoButton,Drag,756,256
647670008,NoButton,Drag,757,256
647670014,NoButton,Drag,757,256
647670018,NoButton,Drag,757,255
647670022,Right,Released,757,255
647670024,NoButton,Move,758,255
647670026,NoButton,Move,758,254
647670030,NoButton,Move,759,254
647670032,NoButton,Move,759,254
647670034,NoButton,Move,759,253
647670036,NoButton,Move,759,253
647670038,NoButton,Move,760,253
647670042,NoButton,Move,760,252
647670044,NoButton,Move,760,252
647670046,NoButton,Move,760,252
647670048,NoButton,Move,761,251
647670050,NoButton,Move,761,251
647670052,NoButton,Move,761,251
647670054,NoButton,Move,762,251
647670056,NoButton,Move,762,250
647670058,NoButton,Move,763,249
647670062,NoButton,Move,763,249
647670066,NoButton,Move,763,248
647670068,NoButton,Move,764,248
647670070,NoButton,Move,764,247
647670074,NoButton,Move,765,247
647670076,NoButton,Move,765,246
647670078,NoButton,Move,766,245
647670081,NoButton,Move,766,245
647670082,NoButton,Move,767,245
647670084,NoButton,Move,767,244
647670086,NoButton,Move,767,244
647670088,NoButton,Move,768,243
647670092,NoButton,Move,768,243
647670094,NoButton,Move,768,243
647670097,NoButton,Move,769,242
647670098,NoButton,Move,769,241
647670102,NoButton,Move,769,241
647670108,NoButton,Move,770,240
647670110,NoButton,Move,770,240
647670112,NoButton,Move,771,240
647670117,NoButton,Move,771,240
647670124,NoButton,Move,771,239
647670126,NoButton,Move,772,239
647670128,Right,Pressed,772,239
647670142,NoButton,Drag,773,239
647670144,NoButton,Drag,773,239
647670150,NoButton,Drag,773,239
647670154,NoButton,Drag,774,238
647670158,NoButton,Drag,774,237
647670162,NoButton,Drag,774,237
647670172,NoButton,Drag,775,237
647670182,NoButton,Drag,775,237
647670184,NoButton,Drag,776,237
647670204,NoButton,Drag,776,237
647670214,NoButton,Drag,776,236
647670224,NoButton,Drag,777,236
647670228,NoButton,Drag,777,236
647670234,NoButton,Drag,777,236
647670238,NoButton,Drag,778,236
647670240,NoButton,Drag,778,235
647670242,Right,Released,778,235
647670246,NoButton,Move,779,235
647670248,NoButton,Move,780,235
647670250,NoButton,Move,780,235
647670256,NoButton,Move,781,234
647670258,NoButton,Move,782,234
647670265,NoButton,Move,783,233
647670266,NoButton,Move,783,233
647670270,NoButton,Move,784,233
647670274,NoButton,Move,785,233
647670276,NoButton,Move,785,233
647670278,NoButton,Move,786,233
647670281,NoButton,Move,787,233
647670282,NoButton,Move,787,233
647670286,NoButton,Move,788,233
647670288,NoButton,Move,789,233
647670290,NoButton,Move,789,233
647670292,NoButton,Move,790,233
647670294,NoButton,Move,791,233
647670296,NoButton,Move,791,233
647670298,NoButton,Move,792,233
647670300,NoButton,Move,792,233
647670302,NoButton,Move,793,233
647670304,NoButton,Move,793,233
647670306,NoButton,Move,794,233
647670308,NoButton,Move,795,233
647670310,NoButton,Move,796,232
647670312,NoButton,Move,796,232
647670318,NoButton,Move,797,232
647670322,NoButton,Move,798,232
647670324,NoButton,Move,799,232
647670328,NoButton,Move,799,232
647670330,NoButton,Move,801,232
647670334,NoButton,Move,802,232
647670338,NoButton,Move,802,232
647670340,NoButton,Move,804,232
647670344,NoButton,Move,805,232
647670349,NoButton,Move,805,232
647670350,NoButton,Move,806,232
647670352,NoButton,Move,807,232
647670356,NoButton,Move,807,232
647670358,NoButton,Move,808,232
647670365,NoButton,Move,808,232
647670366,Right,Pressed,808,232
647670368,NoButton,Drag,809,232
647670372,NoButton,Drag,809,232
647670378,NoButton,Drag,810,232
647670392,NoButton,Drag,811,232
647670434,NoButton,Drag,811,232
647670444,NoButton,Drag,812,232
647670449,NoButton,Drag,812,233
647670452,NoButton,Drag,813,233
647670453,Right,Released,813,233
647670454,NoButton,Move,813,233
647670462,NoButton,Move,814,234
647670466,NoButton,Move,815,234
647670468,NoButton,Move,815,234
647670470,NoButton,Move,816,234
647670474,NoButton,Move,816,235
647670494,NoButton,Move,817,235
647670502,NoButton,Move,817,235
647670504,NoButton,Move,817,235
647670508,NoButton,Move,817,236
647670510,NoButton,Move,816,236
647670512,NoButton,Move,816,236
647670516,NoButton,Move,815,237
647670516,NoButton,Move,814,237
647670518,NoButton,Move,814,238
647670520,NoButton,Move,813,238
647670522,NoButton,Move,812,238
647670524,NoButton,Move,811,238
647670526,NoButton,Move,810,239
647670528,NoButton,Move,809,239
647670530,NoButton,Move,808,240
647670532,NoButton,Move,806,241
647670534,NoButton,Move,805,241
647670536,NoButton,Move,803,241
647670538,NoButton,Move,802,242
647670540,NoButton,Move,801,243
647670542,NoButton,Move,799,244
647670544,NoButton,Move,797,244
647670546,NoButton,Move,795,245
647670548,NoButton,Move,793,246
647670551,NoButton,Move,790,246
647670552,NoButton,Move,788,246
647670554,NoButton,Move,785,247
647670556,NoButton,Move,782,248
647670558,NoButton,Move,779,249
647670560,NoButton,Move,776,249
647670562,NoButton,Move,773,249
647670564,NoButton,Move,769,250
647670566,NoButton,Move,765,250
647670568,NoButton,Move,762,250
647670570,NoButton,Move,758,250
647670572,NoButton,Move,754,250
647670574,NoButton,Move,748,251
647670576,NoButton,Move,744,251
647670578,NoButton,Move,739,251
647670580,NoButton,Move,733,251
647670582,NoButton,Move,728,251
647670584,NoButton,Move,724,251
647670586,NoButton,Move,718,251
647670588,NoButton,Move,713,251
647670590,NoButton,Move,706,251
647670592,NoButton,Move,701,251
647670594,NoButton,Move,694,251
647670596,NoButton,Move,689,251
647670598,NoButton,Move,682,251
647670600,NoButton,Move,675,251
647670602,NoButton,Move,670,251
647670604,NoButton,Move,663,251
647670604,Right,Pressed,663,251
647670606,NoButton,Drag,656,251
647670608,NoButton,Drag,650,251
647670610,NoButton,Drag,643,251
647670612,NoButton,Drag,636,250
647670614,NoButton,Drag,629,250
647670616,NoButton,Drag,622,249
647670619,NoButton,Drag,617,249
647670619,NoButton,Drag,610,248
647670621,NoButton,Drag,604,248
647670623,NoButton,Drag,598,247
647670625,NoButton,Drag,592,247
647670627,NoButton,Drag,587,247
647670629,NoButton,Drag,581,246
647670632,NoButton,Drag,576,246
647670633,NoButton,Drag,571,246
647670637,NoButton,Drag,567,245
647670638,NoButton,Drag,563,245
647670639,NoButton,Drag,559,245
647670642,NoButton,Drag,554,244
647670644,NoButton,Drag,550,244
647670646,NoButton,Drag,546,243
647670650,NoButton,Drag,543,243
647670650,NoButton,Drag,540,243
647670652,NoButton,Drag,538,242
647670654,NoButton,Drag,535,242
647670657,NoButton,Drag,533,242
647670658,NoButton,Drag,530,242
647670660,NoButton,Drag,528,241
647670662,NoButton,Drag,527,241
647670664,NoButton,Drag,525,241
647670667,NoButton,Drag,524,241
647670668,NoButton,Drag,522,241
647670670,NoButton,Drag,521,241
647670672,NoButton,Drag,520,240
647670674,NoButton,Drag,519,240
647670676,NoButton,Drag,518,240
647670679,NoButton,Drag,518,240
647670684,NoButton,Drag,517,240
647670685,NoButton,Drag,517,240
647670688,Right,Released,517,240
647670690,NoButton,Move,516,240
647670736,NoButton,Move,516,240
647670790,Right,Pressed,516,240
647670870,NoButton,Drag,516,241
647670872,NoButton,Drag,516,241
647670874,NoButton,Drag,516,243
647670876,NoButton,Drag,516,243
647670878,NoButton,Drag,516,244
647670880,NoButton,Drag,516,244
647670881,Right,Released,516,244
647670884,NoButton,Move,516,245
647670884,NoButton,Move,516,248
647670886,NoButton,Move,516,249
647670888,NoButton,Move,516,250
647670890,NoButton,Move,517,252
647670892,NoButton,Move,517,253
647670894,NoButton,Move,518,254
647670896,NoButton,Move,519,256
647670898,NoButton,Move,519,258
647670900,NoButton,Move,520,259
647670902,NoButton,Move,521,262
647670904,NoButton,Move,521,263
647670906,NoButton,Move,522,265
647670908,NoButton,Move,523,267
647670910,NoButton,Move,524,270
647670912,NoButton,Move,524,271
647670914,NoButton,Move,525,272
647670917,NoButton,Move,526,274
647670918,NoButton,Move,527,275
647670920,NoButton,Move,528,276
647670922,NoButton,Move,529,278
647670924,NoButton,Move,529,279
647670926,NoButton,Move,531,281
647670928,NoButton,Move,531,282
647670930,NoButton,Move,532,283
647670932,NoButton,Move,533,285
647670935,NoButton,Move,534,286
647670936,NoButton,Move,535,287
647670938,NoButton,Move,535,289
647670940,NoButton,Move,536,290
647670942,NoButton,Move,537,291
647670944,NoButton,Move,537,291
647670946,NoButton,Move,538,293
647670948,NoButton,Move,538,293
647670950,NoButton,Move,539,294
647670952,NoButton,Move,540,294
647670954,NoButton,Move,540,295
647670956,NoButton,Move,541,295
647670958,NoButton,Move,541,296
647670960,NoButton,Move,541,297
647670962,NoButton,Move,541,297
647670967,NoButton,Move,542,298
647670968,NoButton,Move,542,298
647670972,NoButton,Move,542,299
647670976,NoButton,Move,542,299
647670977,Right,Pressed,542,299
647670982,NoButton,Drag,542,300
647671001,NoButton,Drag,542,301
647671012,NoButton,Drag,542,301
647671028,NoButton,Drag,542,302
647671034,NoButton,Drag,542,302
647671042,NoButton,Drag,542,303
647671048,NoButton,Drag,542,303
647671051,NoButton,Drag,542,303
647671058,NoButton,Drag,542,304
647671060,NoButton,Drag,542,305
647671064,NoButton,Drag,542,305
647671068,NoButton,Drag,542,305
647671068,NoButton,Drag,542,306
647671074,NoButton,Drag,542,306
647671076,NoButton,Drag,542,307
647671080,NoButton,Drag,542,307
647671086,NoButton,Drag,541,309
647671090,NoButton,Drag,541,309
647671091,Right,Released,541,309
647671092,NoButton,Move,541,310
647671094,NoButton,Move,541,310
647671098,NoButton,Move,541,311
647671101,NoButton,Move,541,311
647671102,NoButton,Move,541,312
647671104,NoButton,Move,541,313
647671106,NoButton,Move,541,313
647671108,NoButton,Move,540,314
647671110,NoButton,Move,540,314
647671112,NoButton,Move,540,315
647671116,NoButton,Move,539,315
647671119,NoButton,Move,539,316
647671122,NoButton,Move,539,317
647671126,NoButton,Move,539,317
647671130,NoButton,Move,539,318
647671136,NoButton,Move,539,318
647671138,NoButton,Move,538,319
647671148,NoButton,Move,538,319
647671156,NoButton,Move,537,319
647671158,NoButton,Move,537,320
647671160,NoButton,Move,537,321
647671166,NoButton,Move,537,321
647671168,Right,Pressed,537,321
647671178,NoButton,Drag,536,321
647671182,NoButton,Drag,535,322
647671187,NoButton,Drag,535,322
647671194,NoButton,Drag,535,322
647671202,NoButton,Drag,535,323
647671214,NoButton,Drag,534,323
647671218,NoButton,Drag,534,323
647671220,NoButton,Drag,534,323
647671228,NoButton,Drag,534,324
647671240,NoButton,Drag,533,324
647671240,Right,Released,533,324
647671242,NoButton,Move,533,325
647671248,NoButton,Move,533,325
647671256,NoButton,Move,532,325
647671260,NoButton,Move,531,325
647671262,NoButton,Move,531,326
647671266,NoButton,Move,531,326
647671268,NoButton,Move,530,326
647671278,NoButton,Move,530,326
647671280,NoButton,Move,529,326
647671288,NoButton,Move,529,327
647671290,NoButton,Move,528,327
647671294,NoButton,Move,527,327
647671298,NoButton,Move,527,327
647671300,NoButton,Move,527,327
647671308,NoButton,Move,526,328
647671310,NoButton,Move,526,328
647671314,NoButton,Move,525,328
647671318,NoButton,Move,525,328
647671320,NoButton,Move,524,329
647671322,NoButton,Move,524,329
647671324,NoButton,Move,523,329
647671326,NoButton,Move,522,329
647671328,NoButton,Move,522,329
647671330,NoButton,Move,521,329
647671332,NoButton,Move,521,329
647671335,NoButton,Move,520,329
647671336,NoButton,Move,520,329
647671338,NoButton,Move,519,329
647671340,NoButton,Move,518,329
647671342,NoButton,Move,517,329
647671344,NoButton,Move,516,329
647671346,NoButton,Move,515,329
647671348,NoButton,Move,514,329
647671350,NoButton,Move,513,329
647671353,NoButton,Move,512,329
647671354,NoButton,Move,510,329
647671356,NoButton,Move,509,329
647671358,NoButton,Move,508,329
647671360,NoButton,Move,507,329
647671362,NoButton,Move,505,329
647671364,NoButton,Move,503,329
647671366,NoButton,Move,501,329
647671366,Right,Pressed,501,329
647671368,NoButton,Drag,499,329
647671370,NoButton,Drag,498,329
647671372,NoButton,Drag,496,329
647671374,NoButton,Drag,495,329
647671376,NoButton,Drag,493,329
647671378,NoButton,Drag,491,329
647671380,NoButton,Drag,489,329
647671382,NoButton,Drag,486,329
647671385,NoButton,Drag,485,329
647671386,NoButton,Drag,483,329
647671388,NoButton,Drag,481,329
647671390,NoButton,Drag,479,329
647671392,NoButton,Drag,477,329
647671394,NoButton,Drag,475,329
647671396,NoButton,Drag,474,329
647671398,NoButton,Drag,472,329
647671400,NoButton,Drag,471,329
647671403,NoButton,Drag,469,329
647671404,NoButton,Drag,467,329
647671406,NoButton,Drag,465,329
647671408,NoButton,Drag,464,329
647671410,NoButton,Drag,462,329
647671412,NoButton,Drag,459,329
647671414,NoButton,Drag,458,329
647671416,NoButton,Drag,457,329
647671419,NoButton,Drag,456,329
647671421,NoButton,Drag,453,329
647671422,NoButton,Drag,452,329
647671424,NoButton,Drag,451,329
647671426,NoButton,Drag,450,329
647671428,NoButton,Drag,447,329
647671430,NoButton,Drag,446,329
647671432,NoButton,Drag,445,328
647671435,NoButton,Drag,444,328
647671436,NoButton,Drag,443,328
647671438,NoButton,Drag,442,328
647671438,Right,Released,442,328
647671440,NoButton,Move,441,328
647671442,NoButton,Move,441,328
647671444,NoButton,Move,440,328
647671446,NoButton,Move,439,328
647671448,NoButton,Move,439,328
647671450,NoButton,Move,438,328
647671452,NoButton,Move,438,328
647671454,NoButton,Move,437,328
647671494,NoButton,Move,437,328
647671500,NoButton,Move,437,328
647671502,NoButton,Move,437,329
647671506,NoButton,Move,437,329
647671508,NoButton,Move,437,330
647671512,NoButton,Move,437,330
647671514,NoButton,Move,437,331
647671516,NoButton,Move,437,331
647671519,NoButton,Move,437,332
647671522,NoButton,Move,438,332
647671524,NoButton,Move,438,333
647671526,NoButton,Move,439,333
                                                                                                                                                                                                                                                                                                                                                                                                                                                                                                                                                                                                                                                                                                                                                                                                                                                                                                                                                                                                                                                                                                                                                                                                                                                                                                                                                                                                                                                                                                                                                                                                                                                                                                                                                                                                                                                                                                                                                                                                                                                                                                                                                                                                                                                                                                                                                                                                                                                                                                                                                                                                                                                                                                                                                                                                                                                                                                                                                                                                                                                                                                                                                                                                                                  